Date,Open,High,Low,Close,Volume
06/28/2013,16.55,16.66,16.02,16.38,6557
06/27/2013,16.9,17.07,16.36,16.47,38077
06/26/2013,17,17.07,16.87,17.01,57888
06/25/2013,17,17.29,16.93,17.07,68714
06/24/2013,16.69,17.05,16.6,17.01,61103
06/21/2013,16.44,16.8,16.39,16.74,71440
06/20/2013,16.88,16.88,16.35,16.38,61075
06/19/2013,16.76,17.08,16.63,16.97,69225
06/18/2013,16.88,16.9,16.65,16.76,73758
06/17/2013,16.8,16.98,16.54,16.93,90244
06/14/2013,16.25,16.8,16.23,16.78,97118
06/13/2013,16.21,16.35,16.17,16.24,93828
06/12/2013,16.28,16.4,16.2,16.21,90679
06/11/2013,16.38,16.44,16.18,16.29,94775
06/10/2013,16.46,16.47,16.35,16.38,74004
06/07/2013,16.53,16.6,16.35,16.43,94557
06/06/2013,16.38,16.52,16.34,16.48,103192
06/05/2013,16.41,16.53,16.34,16.38,63230
06/04/2013,16.43,16.48,16.32,16.38,56274
06/03/2013,16.55,16.66,16.41,16.43,65212
05/31/2013,16.68,16.75,16.52,16.55,73352
05/30/2013,16.69,16.78,16.63,16.65,33196
05/29/2013,16.72,16.82,16.61,16.67,57409
05/28/2013,16.89,17,16.7,16.72,70763
05/24/2013,16.76,16.91,16.73,16.84,40951
05/23/2013,16.62,16.89,16.56,16.76,48676
05/22/2013,16.85,16.97,16.6,16.65,53453
05/21/2013,16.84,16.92,16.7,16.86,62613
05/20/2013,16.9,17,16.8,16.81,30534
05/17/2013,16.83,17,16.82,16.89,33888
05/16/2013,16.94,16.98,16.81,16.83,35351
05/15/2013,17.03,17.11,16.92,16.95,43204
05/14/2013,17.25,17.29,17,17.02,61087
05/13/2013,17.43,17.56,17.23,17.25,41386
05/10/2013,17.5,17.62,17.38,17.43,30390
05/09/2013,17.43,17.64,17.38,17.47,42953
05/08/2013,17.63,17.69,17.44,17.47,37923
05/07/2013,17.79,17.84,17.56,17.64,52057
05/06/2013,17.6,17.9,17.52,17.81,57963
05/03/2013,17.6,17.62,17.44,17.53,50757
05/02/2013,17.33,17.63,17.18,17.6,64623
05/01/2013,17.63,17.68,17.29,17.33,50281
04/30/2013,17.54,17.74,17.49,17.6,65387
04/29/2013,17.42,17.54,17.26,17.45,67974
04/26/2013,17.39,17.48,17.31,17.42,52377
04/25/2013,17.38,17.44,17.25,17.38,52424
04/24/2013,17.67,17.73,17.33,17.37,91941
04/23/2013,17.69,17.83,17.63,17.67,68383
04/22/2013,17.8,17.8,17.61,17.74,49306
04/19/2013,17.6,17.93,17.46,17.88,69898
04/18/2013,17.7,17.86,17.43,17.61,83264
04/17/2013,17.83,17.9,17.7,17.79,63314
04/16/2013,17.55,17.88,17.54,17.87,71374
04/15/2013,17.95,17.95,17.53,17.55,78075
04/12/2013,17.79,17.97,17.74,17.84,84532
04/11/2013,17.89,17.89,17.65,17.79,68705
04/10/2013,17.75,17.91,17.73,17.88,59399
04/09/2013,17.72,17.78,17.59,17.72,43290
04/08/2013,17.75,17.87,17.55,17.69,47802
04/05/2013,17.69,17.74,17.61,17.67,36065
04/04/2013,17.59,17.74,17.59,17.69,41044
04/03/2013,17.69,17.78,17.56,17.58,28252
04/02/2013,17.76,17.77,17.56,17.66,34734
04/01/2013,17.66,17.78,17.64,17.72,22705
03/28/2013,17.91,17.91,17.6,17.7,35559
03/27/2013,17.89,17.91,17.78,17.82,27395
03/26/2013,18,18.02,17.8,17.82,24987
03/25/2013,18.24,18.24,17.96,18,25867
03/22/2013,18.35,18.35,18.17,18.21,22994
03/21/2013,18.42,18.51,18.2,18.27,22294
03/20/2013,18.46,18.51,18.38,18.42,16293
03/19/2013,18.4,18.45,18.33,18.39,23132
03/18/2013,18.71,18.72,18.29,18.33,33765
03/15/2013,18.8,19,18.7,18.85,25139
03/14/2013,18.7,18.84,18.6,18.8,13918
03/13/2013,18.73,18.8,18.59,18.75,16823
03/12/2013,18.8,18.84,18.45,18.75,23442
03/11/2013,18.64,18.86,18.57,18.79,33260
03/08/2013,18.55,18.82,18.5,18.61,49836
03/07/2013,18.09,18.66,18.09,18.63,52039
03/06/2013,18.28,18.28,18.11,18.17,33544
03/05/2013,18.18,18.32,18.15,18.25,18571
03/04/2013,18.02,18.21,18.01,18.15,13217
03/01/2013,18.42,18.49,18,18.02,21241
02/28/2013,18.25,18.63,18.11,18.46,45259
02/27/2013,18.26,18.36,18.18,18.25,18700
02/26/2013,18.21,18.29,18.11,18.26,21175
02/25/2013,18.37,18.58,18.24,18.31,26020
02/22/2013,18.23,18.38,18.12,18.31,21086
02/21/2013,18.15,18.19,17.96,18.07,30456
02/20/2013,17.98,18.3,17.93,18.23,27038
02/19/2013,18.05,18.16,17.93,18.07,26378
02/15/2013,18,18.1,17.84,17.89,33100
02/14/2013,18.42,18.48,17.95,17.97,31018
02/13/2013,18.29,18.48,18.27,18.41,19391
02/12/2013,18.75,18.75,18.25,18.28,18170
02/11/2013,18.53,18.68,18.45,18.66,15702
02/08/2013,18.47,18.52,18.3,18.44,17839
02/07/2013,18.5,18.55,18.38,18.46,18523
02/06/2013,18.96,18.97,18.47,18.49,23057
02/05/2013,19.01,19.13,18.91,18.93,19593
06/29/2012,21.15,21.86,21.15,21.81,12830
06/28/2012,21.4,21.96,21.04,21.21,27594
06/27/2012,20.69,21.65,20.42,21.42,21840
06/26/2012,20.33,20.67,20.25,20.53,39609
06/25/2012,20.36,20.46,20.13,20.3,38913
06/22/2012,21.16,21.47,20.21,20.24,24858
06/21/2012,21.57,21.81,21,21.39,35815
06/20/2012,21.55,21.8,21.18,21.74,50511
06/19/2012,20.85,21.6,20.63,21.57,55887
06/18/2012,20.7,21.03,20.7,20.86,52712
06/15/2012,20,20.87,19.98,20.84,76113
06/14/2012,20,20.23,19.81,19.97,53228
06/13/2012,20.21,20.26,19.81,19.92,71111
06/12/2012,20.3,20.62,20.14,20.36,64940
06/11/2012,20.04,20.51,20,20.47,78801
06/08/2012,19.7,20.04,19.6,19.98,73307
06/07/2012,19.9,20.43,19.67,19.76,109580
06/06/2012,19.12,20.08,19.12,19.9,100701
06/05/2012,18.94,19.19,18.9,19.06,59849
06/04/2012,19.06,19.13,18.86,18.9,52467
06/01/2012,19.5,19.5,18.95,19.09,62550
05/31/2012,19.5,19.68,19.38,19.42,42521
05/30/2012,19.61,19.77,19.45,19.48,44189
05/29/2012,19.62,19.82,19.4,19.53,49344
05/25/2012,19.51,19.85,19.51,19.62,33821
05/24/2012,19.51,19.76,19.44,19.58,38777
05/23/2012,19.8,19.84,19.36,19.51,65204
05/22/2012,20.3,20.39,19.76,19.8,65733
05/21/2012,20.47,20.66,20.3,20.38,30255
05/18/2012,20.88,20.9,20.4,20.47,39113
05/17/2012,20.85,20.93,20.61,20.86,35072
05/16/2012,20.37,20.87,20.19,20.73,40758
05/15/2012,20.31,20.69,20.3,20.4,37304
05/14/2012,20.18,20.29,20.07,20.27,26916
05/11/2012,20.35,20.58,20.19,20.22,36726
05/10/2012,20.49,20.7,20.3,20.45,41098
05/09/2012,20.37,20.54,20.13,20.38,54608
05/08/2012,21.05,21.07,20.31,20.37,61955
05/07/2012,20.81,21.17,20.7,21.05,29629
05/04/2012,20.77,21,20.62,20.81,37471
05/03/2012,20.55,20.78,20.51,20.65,44404
05/02/2012,21.02,21.1,20.5,20.55,56814
05/01/2012,21.04,21.14,20.77,20.95,43093
04/30/2012,21.29,21.45,20.96,21.12,46496
04/27/2012,21.25,21.37,20.89,21.21,63882
04/26/2012,21.9,21.96,21.21,21.25,77907
04/25/2012,21.73,22.07,21.67,21.8,57706
04/24/2012,21.65,21.82,21.52,21.61,43686
04/23/2012,21.65,21.85,21.41,21.54,42130
04/20/2012,21.77,21.94,21.42,21.55,57762
04/19/2012,22.05,22.4,21.67,21.77,77478
04/18/2012,22.65,22.92,21.95,22.01,80286
04/17/2012,22.38,22.8,22.2,22.57,72902
04/16/2012,22.81,22.85,22.26,22.31,55750
04/13/2012,23.55,23.58,22.71,22.81,56934
04/12/2012,23.25,23.58,23.15,23.52,49080
04/11/2012,23.21,23.33,23.06,23.22,46994
04/10/2012,23.75,23.75,23.1,23.16,67966
04/09/2012,23.76,23.98,23.57,23.61,31569
04/05/2012,23.54,23.83,23.47,23.7,40961
04/04/2012,23.41,23.79,23.35,23.54,40414
04/03/2012,23.78,23.78,23.41,23.46,29776
04/02/2012,23.8,23.93,23.6,23.78,28083
03/30/2012,23.73,23.91,23.48,23.82,29104
03/29/2012,23.45,23.74,23.34,23.68,24887
03/28/2012,23.61,23.67,23.25,23.41,26050
03/27/2012,23.81,23.94,23.42,23.48,39271
03/26/2012,24.4,24.54,23.74,23.81,34809
03/23/2012,24.68,24.94,24.37,24.5,22430
03/22/2012,24.16,24.89,24.15,24.72,29470
03/21/2012,24.37,24.85,24.18,24.2,31176
03/20/2012,24.53,25,24.33,24.56,45226
03/19/2012,24.32,24.58,24.13,24.55,27481
03/16/2012,24.21,24.49,23.95,24.27,34890
03/15/2012,23.42,24.4,23.38,24.32,49041
03/14/2012,23.11,23.52,22.95,23.48,22764
03/13/2012,23,23.25,22.65,23.21,19854
03/12/2012,22.75,23.02,22.45,22.88,30614
03/09/2012,23.06,23.22,22.68,22.78,30360
03/08/2012,23.09,23.28,22.95,22.98,29303
03/07/2012,23.31,23.43,23.02,23.07,34315
03/06/2012,23.85,23.93,23.18,23.26,30848
03/05/2012,24.23,24.32,23.86,23.93,16003
03/02/2012,24.25,24.39,23.91,24.23,19921
03/01/2012,24.29,24.3,23.83,24.2,24959
02/29/2012,24.41,24.54,23.95,24.32,35165
02/28/2012,24.49,24.72,24.38,24.53,28990
02/27/2012,24.21,24.81,24.21,24.54,38665
02/24/2012,23.9,24.33,23.89,24.3,30853
02/23/2012,23.86,24.03,23.62,23.99,27304
02/22/2012,23.72,23.96,23.51,23.91,34496
02/21/2012,23.16,23.73,23.16,23.71,33121
02/17/2012,23.15,23.21,23.04,23.16,12274
02/16/2012,22.88,23.22,22.73,23.14,21974
02/15/2012,22.8,23.03,22.58,22.97,14843
02/14/2012,23.13,23.21,22.64,22.83,13457
02/13/2012,23.12,23.36,23.12,23.27,14336
02/10/2012,23.18,23.31,22.86,23.25,17098
02/09/2012,23.17,23.48,23.08,23.23,24199
02/08/2012,23.02,23.26,22.95,23.14,22209
02/07/2012,23.08,23.25,22.75,23.03,23198
02/06/2012,23,23.15,22.73,23.12,28228
02/03/2012,22.49,22.91,22.45,22.77,20118
06/30/2011,29.55,30.88,27.97,28.36,8333
06/29/2011,29.25,29.69,28.7,29.28,22314
06/28/2011,27.8,29.4,27.8,29.28,30891
06/27/2011,27.4,27.86,27.02,27.8,35584
06/24/2011,27.65,27.73,27.2,27.54,27371
06/23/2011,27.2,27.65,25.69,27.58,31793
06/22/2011,27.3,27.35,26.93,27.23,29937
06/21/2011,27.5,27.53,26.86,27.49,30707
06/20/2011,26.31,27.58,26.22,27.47,39428
06/17/2011,25.78,26.42,25.72,26.37,48189
06/16/2011,25.01,25.96,24.59,25.92,65054
06/15/2011,25.2,25.51,25.01,25.08,69882
06/14/2011,25.42,25.73,24.91,25.15,64626
06/13/2011,25.62,26.16,25.27,25.59,65799
06/10/2011,24.84,25.7,24.83,25.64,60632
06/09/2011,24.82,25.08,24.52,24.84,55777
06/08/2011,24.27,25.18,24.12,24.95,81988
06/07/2011,23.7,24.49,23.66,24.35,74339
06/06/2011,23.85,24.06,23.51,23.59,49372
06/03/2011,23.62,24.22,23.52,23.95,74111
06/02/2011,22.57,23.73,22.55,23.52,70415
06/01/2011,23.18,23.52,22.35,22.46,55569
05/31/2011,22.99,23.37,22.85,23.18,51991
05/27/2011,22.85,23.16,22.69,22.99,38702
05/26/2011,22.69,22.84,22.18,22.69,40077
05/25/2011,22.08,22.89,21.82,22.64,52759
05/24/2011,21.8,22.37,21.65,21.91,30572
05/23/2011,22.24,22.29,21.32,21.51,38185
05/20/2011,21.85,22.54,21.65,22.41,43463
05/19/2011,22.6,22.69,21.7,21.82,44957
05/18/2011,22,22.95,21.97,22.85,51361
05/17/2011,21.77,22.04,21.1,21.93,54509
05/16/2011,21.45,21.99,21.32,21.77,42461
05/13/2011,21.7,22.1,21.26,21.45,43945
05/12/2011,20.91,21.69,20.61,21.33,41980
05/11/2011,22.07,22.08,20.79,20.94,40057
05/10/2011,21.12,22.25,21.06,21.87,53150
05/09/2011,20.6,21.14,20.57,20.96,31650
05/06/2011,20.75,21.37,20.4,20.47,39330
05/05/2011,21.35,21.38,20.5,20.86,52907
05/04/2011,21.93,22,21.33,21.35,32703
05/03/2011,22,22.43,21.67,22.05,33615
05/02/2011,22.19,22.24,21.45,21.87,29233
04/29/2011,22.48,22.61,21.75,22.25,38234
04/28/2011,22.78,22.87,21.94,22.51,65399
04/27/2011,23.28,23.28,22.61,22.96,57370
04/26/2011,23.37,23.46,22.86,23.24,39014
04/25/2011,23.95,23.96,23.31,23.4,20433
04/21/2011,23.45,23.84,23.01,23.8,42389
04/20/2011,22.79,23.67,22.78,23.53,41297
04/19/2011,22.82,23.2,22.54,22.62,37882
04/18/2011,22.97,23.16,22.4,22.79,46310
04/15/2011,22.96,23.52,22.87,22.97,44061
04/14/2011,23.65,23.86,22.95,23.06,38838
04/13/2011,24.42,24.67,23.51,23.65,50862
04/12/2011,24.65,25.03,23.96,24.37,50230
04/11/2011,24.9,25.18,24.63,24.84,43697
04/08/2011,25.35,25.54,24.66,24.88,59047
04/07/2011,25.03,25.36,24.67,25.27,52212
04/06/2011,25.64,25.77,24.76,24.97,39012
04/05/2011,25.82,25.93,25.51,25.62,23475
04/04/2011,25.47,25.95,25.47,25.93,18005
04/01/2011,25.05,25.56,24.85,25.4,22631
03/31/2011,25.35,25.55,24.64,25.04,24596
03/30/2011,24.93,25.39,24.29,25.23,26641
03/29/2011,25.17,25.52,24.7,24.93,15885
03/28/2011,25.51,25.76,24.7,24.96,16652
03/25/2011,25.31,25.71,24.9,25.62,16689
03/24/2011,24.59,25.62,24.43,25.31,26325
03/23/2011,25.39,25.54,24.55,24.65,17901
03/22/2011,25.3,25.37,24.5,25.25,24699
03/21/2011,25.51,26.01,25.06,25.33,14780
03/18/2011,24.92,25.54,24.73,25.49,12353
03/17/2011,24.07,24.84,23.83,24.6,21993
03/16/2011,23.98,24.45,23.58,23.66,31397
03/15/2011,25.65,25.65,23.37,23.57,34814
03/14/2011,26.33,26.41,25.2,25.6,15904
03/11/2011,26.4,26.67,25.5,26.44,15826
03/10/2011,27.66,27.8,26.26,26.41,19362
03/09/2011,28.11,28.3,27.3,27.77,13331
03/08/2011,27.6,28.39,27.36,28.08,19246
03/07/2011,27.58,27.9,27.29,27.63,14040
03/04/2011,27.92,28.07,26.6,27.45,20815
03/03/2011,27.75,27.99,27.36,27.94,14833
03/02/2011,27.1,28,26.92,27.81,21335
03/01/2011,27.15,27.15,26.39,26.93,16335
02/28/2011,26.71,27.3,26.68,27.26,29465
02/25/2011,25.74,26.78,25.35,26.66,26089
02/24/2011,25.34,25.82,25.01,25.72,16750
02/23/2011,26.4,26.49,25.04,25.34,21074
02/22/2011,26.5,27.06,26.22,26.37,19873
02/18/2011,26.65,26.82,26.05,26.37,16808
02/17/2011,26.88,27.36,26.35,26.74,25147
02/16/2011,26.25,27.36,26.21,27.03,22460
02/15/2011,26.81,26.81,25.8,26.13,19197
02/14/2011,27.02,27.12,25.97,26.71,27928
02/11/2011,27.9,28.08,26.68,27.13,27069
02/10/2011,27.49,28.61,27.47,27.81,40487
02/09/2011,27.4,27.98,26.65,27.46,40009
02/08/2011,28.3,28.45,26.99,27.36,31271
02/07/2011,27.77,28.47,27.76,28.34,21010
02/04/2011,27.33,27.97,26.68,27.69,28374
02/03/2011,29.64,29.75,26.7,27.02,32470
06/30/2010,17.7,18.4,16.52,18.03,11863
06/29/2010,17.05,18.07,16.82,17.58,11863
06/28/2010,17.29,18.4,16.95,17.19,24746
06/25/2010,16.9,17.35,16.83,17.29,26187
06/24/2010,16.23,16.86,16.14,16.82,22218
06/23/2010,16.16,16.74,16.1,16.25,27949
06/22/2010,16.03,16.34,15.99,16.21,22277
06/21/2010,15.71,16.31,15.34,16.18,18354
06/18/2010,15.78,15.93,15.27,15.58,24643
06/17/2010,16.2,16.25,15.7,15.79,34035
06/16/2010,16.16,16.38,15.91,16.27,27400
06/15/2010,16.06,16.3,15.87,16.18,60823
06/14/2010,15.85,16.16,15.78,16.05,50953
06/11/2010,15.31,15.95,15.21,15.83,68149
06/10/2010,15.11,15.6,14.96,15.36,70005
06/09/2010,15,15.41,15,15.16,57587
06/08/2010,14.38,15.03,14.31,14.88,67933
06/07/2010,14.55,14.59,14.2,14.33,56102
06/04/2010,14.06,14.74,14,14.52,65756
06/03/2010,14.05,14.34,13.96,13.99,37627
06/02/2010,14.4,14.46,13.82,13.94,58038
06/01/2010,14.19,14.6,14.09,14.4,38915
05/28/2010,14.99,15.04,14.16,14.19,53051
05/27/2010,15.4,15.47,14.81,14.92,39667
05/26/2010,15.32,15.62,15.06,15.36,30963
05/25/2010,15,15.6,14.67,15.25,47881
05/24/2010,15.7,15.75,15.08,15.19,33531
05/21/2010,15,15.71,14.91,15.65,51763
05/20/2010,15.05,15.25,14.75,14.99,39883
05/19/2010,14.6,15.09,14.41,14.93,47023
05/18/2010,13.95,14.83,13.95,14.8,56437
05/17/2010,14.03,14.53,13.81,13.89,34310
05/14/2010,14.67,14.73,13.88,14.13,42969
05/13/2010,14.61,14.82,14.45,14.66,33847
05/12/2010,13.88,14.7,13.77,14.67,51196
05/11/2010,14.15,14.2,13.66,13.91,35942
05/10/2010,14,14.55,13.87,14.18,35534
05/07/2010,13.59,13.98,13,13.75,55714
05/06/2010,14.31,14.36,13.55,13.67,45891
05/05/2010,14.54,14.64,13.84,14.41,52810
05/04/2010,15.1,15.15,14.41,14.51,39323
05/03/2010,15.15,15.28,14.9,14.98,20783
04/30/2010,15.35,15.5,15.1,15.15,32792
04/29/2010,14.88,15.35,14.87,15.29,44111
04/28/2010,15.37,15.47,14.81,14.86,50896
04/27/2010,15.85,15.92,15.25,15.37,58819
04/26/2010,15.96,16.12,15.71,15.85,34600
04/23/2010,16.16,16.45,15.55,15.75,59574
04/22/2010,16.69,16.89,16.1,16.14,44597
04/21/2010,16.66,16.9,16.36,16.69,44293
04/20/2010,17,17.34,16.58,16.6,54913
04/19/2010,16.22,17.27,16.2,17.05,70006
04/16/2010,17.08,17.42,16.12,16.18,81377
04/15/2010,17.69,17.84,16.7,17.08,56651
04/14/2010,17.3,17.85,17.24,17.68,65009
04/13/2010,16.92,17.5,16.87,17.23,46594
04/12/2010,16.74,17.7,16.66,16.85,68007
04/09/2010,16.33,16.79,16.11,16.76,37285
04/08/2010,16.44,16.77,16.2,16.32,41265
04/07/2010,16,16.63,16,16.52,23670
04/06/2010,16.72,16.95,16.12,16.23,26724
04/05/2010,16.9,17.3,16.65,16.72,19297
04/01/2010,16.65,16.98,15.45,16.87,65966
03/31/2010,17.87,17.88,16.4,16.51,37503
03/30/2010,17.55,18.13,17.28,17.77,30401
03/29/2010,16.86,17.43,16.86,17.38,21044
03/26/2010,17.24,17.37,16.32,16.86,28708
03/25/2010,17.62,17.8,16.94,16.97,33727
03/24/2010,16.6,17.66,16.05,17.49,44264
03/23/2010,17.62,17.62,16.35,16.45,47356
03/22/2010,18.3,18.55,17.4,17.62,24470
03/19/2010,18.49,18.91,17.99,18.31,28012
03/18/2010,17.92,18.53,17.87,18.51,34905
03/17/2010,17.85,17.97,17.16,17.87,32337
03/16/2010,18.52,18.7,17.51,17.69,31780
03/15/2010,18.96,19.08,18.45,18.66,17452
03/12/2010,18.69,19.17,18.44,18.87,20417
03/11/2010,18.85,19.28,18.31,18.5,26037
03/10/2010,19.34,19.39,18,18.9,43347
03/09/2010,20.45,20.45,19.25,19.34,33226
03/08/2010,20.89,20.97,20.08,20.42,24734
03/05/2010,20.5,20.87,20.3,20.78,18906
03/04/2010,20.45,20.79,19.92,20.33,22329
03/03/2010,20.97,21.25,20.41,20.45,23162
03/02/2010,20.99,21.01,19.78,20.94,34821
03/01/2010,22.1,22.53,20.74,20.98,26879
02/26/2010,22.15,22.54,21.7,22.08,22035
02/25/2010,22.8,22.8,21.79,22.11,15715
02/24/2010,22.38,22.82,22.07,22.71,17330
02/23/2010,23.03,23.03,22.08,22.24,19985
02/22/2010,24,24.1,22.46,22.55,23696
02/19/2010,23.67,24.04,23.43,23.92,8835
02/18/2010,23.95,24.18,23.2,23.92,14791
02/17/2010,24.66,24.7,23.55,23.75,20574
02/16/2010,24.32,24.8,24.32,24.7,17635
02/12/2010,24.48,24.8,24,24.19,14884
02/11/2010,24.08,24.64,23.86,24.56,18736
02/10/2010,24.22,24.24,23.59,23.96,15628
02/09/2010,24,24.19,23.8,24.17,14624
02/08/2010,23.55,24.25,23.25,23.77,17464
02/05/2010,24.44,24.64,22.67,23.39,31156
02/04/2010,24.8,24.87,24.26,24.41,28068
02/03/2010,24.97,25.03,24.42,24.88,29367
06/30/2009,17,17.25,16.43,16.81,21742
06/29/2009,16.36,17,16.26,16.93,21742
06/26/2009,16.67,16.69,16.2,16.26,19992
06/25/2009,16,16.67,15.9,16.65,23201
06/24/2009,15.8,16.21,15.7,15.94,29830
06/23/2009,15,15.89,14.99,15.86,44838
06/22/2009,14.99,15.1,14.77,15.07,41209
06/19/2009,14.89,15.03,14.88,15,29828
06/18/2009,15.08,15.19,14.84,14.87,24662
06/17/2009,14.83,15.06,14.7,14.99,32344
06/16/2009,14.96,15.14,14.76,14.8,34993
06/15/2009,15.2,15.2,14.79,14.86,53761
06/12/2009,15.45,15.45,15.11,15.2,38823
06/11/2009,15.4,15.5,15.2,15.35,55833
06/10/2009,15.51,15.67,15.32,15.38,56817
06/09/2009,15.46,15.65,15.34,15.56,56888
06/08/2009,15.5,15.5,15.17,15.37,64542
06/05/2009,15.12,15.72,15.06,15.53,87743
06/04/2009,15,15.32,14.95,15.24,71809
06/03/2009,15.45,15.47,14.81,14.89,122216
06/02/2009,15.8,15.88,15.4,15.44,78375
06/01/2009,15.69,15.94,15.63,15.85,37779
05/29/2009,15.5,15.81,15.26,15.58,55421
05/28/2009,15.72,15.77,15.4,15.64,50358
05/27/2009,15.7,15.93,15.51,15.77,47747
05/26/2009,15.6,16.05,15.48,15.94,63237
05/22/2009,15.65,15.79,15.46,15.7,35869
05/21/2009,15.4,15.65,15.11,15.62,40241
05/20/2009,15.55,15.67,15.17,15.38,57433
05/19/2009,15.51,15.91,15.37,15.63,55471
05/18/2009,14.95,15.63,14.95,15.61,49092
05/15/2009,15.51,15.53,14.9,14.95,64416
05/14/2009,15.38,15.56,15.19,15.47,42016
05/13/2009,15.72,15.76,15.32,15.4,53767
05/12/2009,15.6,16.03,15.44,15.72,76445
05/11/2009,15.35,15.69,15.06,15.61,56868
05/08/2009,15.47,15.55,15.21,15.27,50061
05/07/2009,15.36,15.6,15.24,15.49,49688
05/06/2009,15.09,15.41,14.96,15.36,54202
05/05/2009,15,15.27,14.73,15.15,64194
05/04/2009,14.99,15.1,14.75,15.02,35441
05/01/2009,14.36,15.13,14.27,15.05,82412
04/30/2009,14.08,14.4,14.02,14.36,58280
04/29/2009,14.07,14.15,13.83,14.08,49929
04/28/2009,13.9,14.1,13.76,14.04,58346
04/27/2009,13.9,14.15,13.82,13.89,55553
04/24/2009,13.64,14.2,13.56,14.18,102184
04/23/2009,13.6,13.77,13.53,13.67,49292
04/22/2009,13.44,13.65,13.36,13.55,52604
04/21/2009,13.32,13.52,13.06,13.43,71332
04/20/2009,13.64,13.7,13.27,13.32,45080
04/17/2009,13.4,13.82,13.25,13.66,74702
04/16/2009,13.56,13.57,13.27,13.35,49438
04/15/2009,13.7,13.74,13.47,13.56,43598
04/14/2009,13.8,13.85,13.56,13.67,59534
04/13/2009,13.4,13.79,13.37,13.77,70607
04/09/2009,12.99,13.35,12.99,13.31,59435
04/08/2009,12.84,13.04,12.78,12.95,52259
04/07/2009,12.97,13.01,12.74,12.88,40307
04/06/2009,13.52,13.52,12.74,12.85,45253
04/03/2009,13.46,13.68,13.11,13.17,29712
04/02/2009,13.39,13.71,13.31,13.63,43106
04/01/2009,13.3,13.61,13.24,13.33,28619
03/31/2009,13.15,13.38,13.14,13.33,26572
03/30/2009,13.35,13.35,13.12,13.16,19818
03/27/2009,13.59,13.59,13.2,13.32,21358
03/26/2009,13.5,13.68,13.38,13.42,18906
03/25/2009,13.61,13.7,13.38,13.51,25795
03/24/2009,13.92,13.92,13.5,13.61,36270
03/23/2009,13.85,14.09,13.78,13.86,16765
03/20/2009,13.9,14,13.83,13.97,17796
03/19/2009,13.7,14.09,13.7,13.99,31226
03/18/2009,13.45,13.74,13.41,13.63,20076
03/17/2009,13.34,13.52,13.12,13.47,19908
03/16/2009,13.24,13.38,13.16,13.35,11108
03/13/2009,13.39,13.5,13.19,13.26,21493
03/12/2009,13.17,13.44,13.04,13.41,13430
03/11/2009,12.95,13.26,12.93,13.16,10468
03/10/2009,12.8,13.03,12.78,12.93,9937
03/09/2009,13.15,13.15,12.74,12.82,9745
03/06/2009,13.2,13.41,13.02,13.09,10559
03/05/2009,13.59,13.59,12.97,13.14,14653
03/04/2009,13.02,13.59,13,13.49,17781
03/03/2009,13.07,13.19,12.88,12.98,20561
03/02/2009,13.88,13.93,12.97,13,31618
02/27/2009,13.98,13.98,13.83,13.87,18857
02/26/2009,13.59,14,13.49,13.99,20653
02/25/2009,13.4,13.6,13.29,13.55,12559
02/24/2009,13.12,13.39,13.12,13.32,8312
02/23/2009,13.34,13.38,13.16,13.17,4417
02/20/2009,13.3,13.38,13.11,13.22,9944
02/19/2009,13.11,13.57,13.07,13.32,14153
02/18/2009,13.4,13.4,13.05,13.14,7619
02/17/2009,13.69,13.69,13.25,13.43,8166
02/13/2009,13.57,13.69,13.57,13.67,7538
02/12/2009,13.63,13.65,13.3,13.61,10957
02/11/2009,13.57,13.64,13.49,13.62,5952
02/10/2009,13.62,13.67,13.45,13.59,7220
02/09/2009,13.56,13.67,13.51,13.62,10237
02/06/2009,13.32,13.59,13.32,13.5,12227
02/05/2009,13,13.4,12.85,13.37,15728
02/04/2009,13.05,13.07,12.9,13,7343
02/03/2009,13.11,13.37,13.05,13.07,8120
06/30/2008,11.44,12.04,11.26,12.04,9337
06/27/2008,11.65,11.9,11.31,11.38,9337
06/26/2008,11.55,11.8,11.37,11.68,28174
06/25/2008,11.61,11.61,11.17,11.48,30863
06/24/2008,11.6,11.89,11.49,11.56,28462
06/23/2008,11.95,12.18,11.54,11.71,23615
06/20/2008,11.52,12.07,11.51,11.97,30036
06/19/2008,11.65,11.74,11.51,11.58,30258
06/18/2008,11.06,11.72,11.06,11.6,38583
06/17/2008,10.88,11.13,10.81,11.06,43960
06/16/2008,10.54,11.06,10.53,10.84,62095
06/13/2008,10.47,10.67,10.38,10.54,64858
06/12/2008,10.6,10.7,10.28,10.41,79337
06/11/2008,9.95,10.66,9.84,10.59,124458
06/10/2008,9.7,9.9,9.66,9.8,76959
06/09/2008,9.84,10.02,9.67,9.7,88221
06/06/2008,9.63,10.15,9.63,9.74,99451
06/05/2008,9.56,9.93,9.44,9.56,79620
06/04/2008,9.73,9.78,9.46,9.52,72094
06/03/2008,10.3,10.34,9.64,9.71,74502
06/02/2008,10.02,10.59,9.94,10.31,65864
05/30/2008,9.97,10.08,9.82,10.02,45567
05/29/2008,10.14,10.22,9.84,9.97,63847
05/28/2008,10.07,10.43,10.04,10.11,60855
05/27/2008,10.12,10.22,9.93,10.07,53875
05/23/2008,10.39,10.4,9.99,10.01,39673
05/22/2008,10.6,10.72,10.24,10.43,48523
05/21/2008,10.73,10.86,10.56,10.6,65896
05/20/2008,10.75,10.84,10.51,10.63,53055
05/19/2008,11.22,11.33,10.68,10.86,51841
05/16/2008,11,11.25,10.96,11.13,34829
05/15/2008,11.05,11.23,10.96,11,32299
05/14/2008,11.12,11.12,10.85,11.05,56387
05/13/2008,11.65,11.69,11.08,11.16,58033
05/12/2008,11.61,11.73,11.48,11.65,30540
05/09/2008,11.4,11.8,11.4,11.61,36575
05/08/2008,11.72,11.92,11.33,11.46,63429
05/07/2008,11.8,11.83,11.58,11.73,45852
05/06/2008,11.48,11.85,11.38,11.82,40413
05/05/2008,11.47,11.6,11.28,11.48,26838
05/02/2008,11.35,11.52,11.12,11.49,43345
05/01/2008,11.92,12.13,11.18,11.35,71609
04/30/2008,11.87,12.03,11.74,11.81,58954
04/29/2008,12.05,12.12,11.76,11.87,60937
04/28/2008,12.3,12.45,11.91,12.06,77913
04/25/2008,12.35,12.46,12.07,12.25,54442
04/24/2008,12.77,12.82,12.23,12.29,63373
04/23/2008,12.9,12.98,12.62,12.75,43591
04/22/2008,12.55,12.99,12.5,12.95,57947
04/21/2008,13.2,13.24,12.54,12.59,66824
04/18/2008,13.36,13.36,12.86,13.29,58802
04/17/2008,13.36,13.53,13.24,13.3,42859
04/16/2008,13.38,13.59,13.17,13.34,48667
04/15/2008,13.12,13.37,13.09,13.31,73461
04/14/2008,12.98,13.2,12.85,13.01,51936
04/11/2008,13.04,13.15,12.9,12.94,59995
04/10/2008,13.05,13.31,12.78,13.08,82390
04/09/2008,12.44,13.06,12.37,12.93,77801
04/08/2008,12.71,12.75,12.34,12.43,62700
04/07/2008,12.12,12.75,12.12,12.63,56683
04/04/2008,12.29,12.42,12.01,12.06,22732
04/03/2008,12.2,12.37,12.13,12.28,19031
04/02/2008,11.98,12.32,11.86,12.23,28835
04/01/2008,12.12,12.21,11.71,11.97,30852
03/31/2008,12.11,12.48,12,12.12,31053
03/28/2008,12.37,12.49,12.04,12.12,7025
03/27/2008,12.58,12.64,12.32,12.5,15765
03/26/2008,12.77,12.79,12.51,12.58,26256
03/25/2008,12.26,12.86,12.23,12.49,17126
03/24/2008,12.16,12.39,11.96,12.26,16746
03/20/2008,12.22,12.3,11.6,12.23,42118
03/19/2008,12.59,12.59,11.88,12.13,38983
03/18/2008,12.7,12.77,12.37,12.58,18078
03/17/2008,13.7,13.7,12.15,12.42,40647
03/14/2008,13.92,14.04,13.47,13.86,26868
03/13/2008,13.45,13.91,13.39,13.87,21147
03/12/2008,13.7,13.72,13.32,13.47,17056
03/11/2008,13.4,13.89,13.37,13.72,19835
03/10/2008,13.5,13.54,13.13,13.34,24107
03/07/2008,13.88,14.08,13,13.62,39439
03/06/2008,14.69,14.86,13.77,13.85,24752
03/05/2008,14.49,14.98,14.32,14.77,20084
03/04/2008,15.18,15.18,14.28,14.54,29854
03/03/2008,14.71,15.21,14.71,15.18,20820
02/29/2008,14.76,14.95,14.73,14.75,7354
02/28/2008,14.56,14.79,14.56,14.76,22651
02/27/2008,14.6,14.83,14.41,14.78,31065
02/26/2008,14.57,14.74,14.54,14.69,24216
02/25/2008,14.31,14.44,14.29,14.38,16691
02/22/2008,14.38,14.38,14.38,14.38,16620
02/21/2008,14.49,14.6,14.33,14.53,31773
02/20/2008,14.22,14.27,14.15,14.25,14050
02/19/2008,14.12,14.3,14.12,14.27,28694
02/15/2008,14.02,14.06,13.64,13.92,26452
02/14/2008,13.55,13.87,13.55,13.79,28478
02/13/2008,13.1,13.43,13.06,13.41,11596
02/12/2008,13.09,13.21,12.98,13,12133
02/11/2008,13.25,13.32,13.21,13.26,10113
02/08/2008,12.68,13.28,12.68,13.28,24012
02/07/2008,12.67,12.76,12.62,12.64,7620
02/06/2008,12.48,12.85,12.48,12.75,15188
02/05/2008,12.67,12.74,12.46,12.49,15897
