Date,OpenIndex,HighIndex,LowIndex,CloseIndex,VolumeIndex,DowJonIndex,SP500Index,NikieIndex,USDJPYIndex,EURUSDIndex,XAUUSDIndex,
07/03/2008,0,0,0,0,0,11215.51,1261.52,13286.37,0,1.5878,0,
07/07/2008,159,159.65,154.85,155.45,1658,11288.53,1262.9,13237.89,0,1.5694,0,
07/08/2008,155.85,155.85,144.9,146.9,2711,11231.96,1252.31,13360.04,0,1.5724,0,
07/09/2008,147.5,147.5,142,146.1,3901,11384.21,1273.7,13033.1,0,1.5664,0,
07/10/2008,145.9,146.2,143.5,144.3,1346,11147.44,1244.69,13052.13,0,1.5729,0,
07/11/2008,144.5,145.6,143,145.2,3392,11229.02,1253.39,13067.21,0,1.5787,0,
07/14/2008,146,147.2,145,145.9,1030,11100.54,1239.49,13039.69,0,1.5901,0,
07/15/2008,145.35,147.5,144,146.55,974,11055.19,1228.3,13010.16,0,1.5889,0,
07/16/2008,147.1,148,143.2,144.4,2936,10962.54,1214.91,12754.56,0,1.5916,0,
07/17/2008,145,145.5,142.6,144.65,1757,11239.28,1245.36,12760.8,0,1.5824,0,
07/18/2008,144.7,147,140.55,141.3,5732,11446.66,1260.32,12887.95,0,1.5851,0,
07/21/2008,141.5,142.4,140.25,141.45,3681,11496.57,1260.68,12803.7,0,1.5843,0,
07/22/2008,141.6,141.65,140.35,141,1145,11467.34,1260,12803.7,0,1.5913,0,
07/23/2008,141.5,142.2,140.4,141.1,1435,11602.5,1277,13184.96,0,1.5779,0,
07/24/2008,141.1,141.1,138.6,139.6,3452,11632.38,1282.19,13312.93,0,1.5683,0,
07/25/2008,139.6,139.6,137.65,138.9,2699,11349.28,1252.54,13603.31,0,1.5684,0,
07/28/2008,139,141.75,138.25,141.05,2926,11370.69,1257.76,13334.76,0,1.5692,0,
07/29/2008,141,141.25,138.6,139.05,2045,11131.08,1234.37,13353.78,0,1.5744,0,
07/30/2008,139.4,141.1,138.8,140.15,2966,11397.56,1263.2,13159.45,0,1.5589,0,
07/31/2008,140.95,142.1,140.25,141.3,3104,11583.69,1284.26,13367.79,0,1.5581,0,
08/01/2008,141.75,143.4,140.75,143.15,7483,11378.02,1267.38,13376.81,0,1.5586,0,
08/04/2008,143,144.5,141.4,143.95,4611,11326.32,1260.31,13094.59,0,1.5568,0,
08/05/2008,143.35,143.85,138.65,140.65,8321,11284.15,1249.01,12933.18,0,1.5565,0,
08/06/2008,140.2,146,138.95,143.95,6362,11615.77,1284.88,12914.66,0,1.5466,0,
08/07/2008,144,144.7,141,141.7,8590,11656.07,1289.19,13254.89,0,1.5423,0,
08/08/2008,141.9,145.5,141.6,144.3,8752,11431.43,1266.07,13124.99,0,1.5314,0,
08/11/2008,144.3,144.3,139.5,139.7,18631,11734.32,1296.32,13168.41,0,1.4934,0,
08/12/2008,139.6,142,139.5,139.8,11236,11782.35,1305.32,13430.91,0,1.4913,0,
08/13/2008,139.8,144,138.45,141.35,18256,11642.47,1289.59,13303.6,0,1.489,0,
08/14/2008,141.5,141.8,136.85,139.45,17400,11532.96,1285.83,13023.05,0,1.4899,0,
08/15/2008,139.45,140.85,138.55,139.05,11499,11615.93,1292.93,12956.8,0,1.4777,0,
08/18/2008,138.5,139.05,135.15,136.8,12862,11659.9,1298.2,13019.41,0,1.4691,0,
08/19/2008,136.7,138.8,136.4,137.95,18032,11479.39,1278.6,13165.45,0,1.4696,0,
08/20/2008,138,141.65,136.9,140.1,18396,11348.55,1266.69,12865.05,0,1.4793,0,
08/21/2008,140.1,142.3,139.85,141.2,11222,11417.43,1274.54,12851.69,0,1.4751,0,
08/22/2008,141.75,145.35,141.65,143.65,12183,11430.21,1277.72,12752.21,0,1.4888,0,
08/25/2008,143.7,145,141.8,144.2,7741,11628.06,1292.2,12666.04,0,1.4781,0,
08/26/2008,143.2,144.2,142.6,143.3,3585,11386.25,1266.84,12878.66,0,1.4726,0,
08/27/2008,143.3,148.8,142.3,147.95,13648,11412.87,1271.51,12778.71,0,1.4646,0,
08/28/2008,148.15,152.25,147.55,148.1,17446,11502.51,1281.66,12752.96,0,1.4745,0,
08/29/2008,147.8,151.25,146.5,147.8,10447,11715.18,1300.68,12768.25,0,1.4703,0,
09/02/2008,148,150.2,145.2,145.75,7600,11543.55,1282.83,12834.18,0,1.4582,0,
09/03/2008,145,145.25,141.8,144.45,13684,11516.92,1277.58,12609.47,0,1.4486,0,
09/04/2008,144.75,145.5,142.5,143.4,13574,11532.88,1274.98,12689.59,0,1.4512,0,
09/05/2008,143.95,147.35,143,146.75,9681,11188.23,1236.83,12557.66,0,1.426,0,
09/08/2008,146.75,148,141.1,142.65,15542,11220.96,1242.31,12212.23,0,1.4354,0,
09/09/2008,143.2,144.4,141.65,143,10886,11510.74,1267.79,12624.46,0,1.4134,0,
09/10/2008,142,143.2,139.9,140.1,12071,11230.73,1224.51,12400.65,0,1.4094,0,
09/11/2008,140,141.35,138.5,140.8,12257,11268.92,1232.04,12346.63,107.39,1.3937,749.45,
09/12/2008,139.95,140.25,137.25,138.45,12450,11433.71,1249.05,12102.5,107.14,1.4007,751.85,
09/15/2008,138.5,140.2,138.25,139.2,8307,11421.99,1251.7,12214.76,106.32,1.4318,778.3,
09/16/2008,139.15,140,136.15,139.05,14292,10917.51,1192.7,12214.76,104.21,1.4246,781,
09/17/2008,138.2,138.3,132.9,133.4,27128,11059.02,1213.6,11609.72,106.09,1.4167,783.13,
09/18/2008,133.95,135.2,131.85,132.9,13519,10609.66,1156.39,11749.79,104.34,1.4315,868.73,
09/19/2008,133.3,135.8,130.35,130.45,15744,11019.69,1206.51,11489.3,105.91,1.4302,861.28,
09/22/2008,131.1,134.4,130.4,133.1,8567,11388.44,1255.08,11920.86,106.68,1.449,874.8,
09/23/2008,134.4,137.15,133.95,136.6,10063,11015.69,1207.09,12090.59,105.48,1.4802,904.05,
09/24/2008,137,137.8,134.55,134.9,7640,10854.17,1188.22,12090.59,105.59,1.4684,884.98,
09/25/2008,135.5,137,134.65,135.65,5944,10825.17,1185.87,12115.03,106.08,1.4651,883.23,
09/26/2008,135.15,138.5,133.75,137.6,11525,11022.06,1209.18,12006.53,106.07,1.4663,882.7,
09/29/2008,137.6,137.65,132.85,134.15,22305,11143.13,1213.27,11893.16,106.32,1.4537,876.15,
09/30/2008,134,134,129.3,130.25,12320,10365.45,1106.42,11743.61,104.26,1.4367,906.7,
10/01/2008,129.8,131.35,128.8,130.45,9207,10850.66,1166.36,11259.86,106.09,1.4119,872.55,
10/02/2008,131.1,131.9,128.45,129.1,10664,10831.07,1161.06,11368.26,106.06,1.3989,867.2,
10/03/2008,129.1,129.5,124.8,125.45,14011,10482.85,1114.28,11154.76,104.95,1.3786,833.95,
10/06/2008,125.15,125.85,121.6,122.05,15830,10325.38,1099.23,10938.14,104.62,1.3647,828.43,
10/07/2008,120.9,122.05,112.95,114.5,25007,9955.5,1056.89,10473.09,101.58,1.3517,860.68,
10/08/2008,114.5,116.3,114,114.2,10881,9447.11,996.23,10155.9,101.25,1.357,885.75,
10/09/2008,114,116,109.35,114.55,15842,9258.1,984.94,9203.32,99.82,1.3609,910.13,
10/10/2008,114.55,116.45,114.5,114.65,7673,8579.19,909.92,9157.49,98.9,1.3561,919,
10/13/2008,113.4,116.9,110.3,115.35,12030,8451.19,899.22,8276.43,100.69,1.36,862.03,
10/14/2008,116.35,120.35,116.05,117.65,7970,9387.61,1003.35,8276.43,102.53,1.3656,839.73,
10/15/2008,118.95,121.1,118.35,118.95,9310,9310.99,998.01,9447.57,101.55,1.3564,842.4,
10/16/2008,118.75,118.75,112.2,113.25,8906,8577.91,907.84,9547.47,99.48,1.3436,848,
10/17/2008,112,115.55,111.45,112.95,9875,8979.26,946.43,8458.45,101.41,1.3488,802.53,
10/20/2008,114.2,116.35,113.55,115.6,6929,8852.22,940.55,8693.82,101.45,1.3445,789.8,
10/21/2008,117,117.35,114.3,114.5,6553,9265.43,985.4,9005.59,102.11,1.3339,798.55,
10/22/2008,115.4,116.5,113.45,114.25,5865,9045.21,955.05,9306.25,100.2,1.3007,775.05,
10/23/2008,114.05,114.2,112.15,112.6,5744,8519.21,896.78,8674.69,97.74,1.2773,721.1,
10/24/2008,112.1,112.85,109.75,110.1,9094,8691.25,908.11,8460.98,97.6,1.2899,724.9,
10/27/2008,110.1,111.95,106.3,108.65,11166,8378.95,876.77,7649.08,93.52,1.2622,739.6,
10/28/2008,108.05,108.5,105.05,107.75,9690,8175.77,848.92,7162.9,93.2,1.2466,734.6,
10/29/2008,108.95,110.9,107,107.7,6417,9065.12,940.51,7621.92,98.19,1.2806,756.8,
10/30/2008,109.25,114.15,109.25,112.2,9416,8990.96,930.09,8211.9,97.55,1.2957,760.03,
10/31/2008,114.4,114.65,110.5,111,8821,9180.69,954.09,9029.76,98.76,1.2867,738.23,
11/03/2008,111,114.05,109.15,113,11316,9325.01,968.75,8576.98,98.53,1.2773,729.28,
11/04/2008,114,114.5,111.5,112.35,7166,9319.83,966.3,8576.98,98.99,1.2614,727.63,
11/05/2008,113,117.95,112.25,116.7,12097,9625.28,1005.75,9114.6,99.77,1.298,764.63,
11/06/2008,116.5,118.5,115,116.4,10092,9139.27,952.77,9521.24,98.19,1.2914,743.5,
11/07/2008,115.7,116.25,109.35,111,13906,8695.79,904.88,8899.14,97.31,1.2688,732.15,
11/10/2008,111,112.65,110.65,112.1,11301,8943.81,930.99,8583,99.03,1.2823,749.15,
11/11/2008,112.95,116.5,112.4,112.8,19186,8870.54,919.21,9081.43,97.97,1.2746,748.15,
11/12/2008,112.7,114,111.75,112.3,14772,8693.96,898.95,8809.3,97.29,1.2512,731.65,
11/13/2008,113.3,113.55,111.15,111.75,12387,8282.66,852.3,8695.51,94.79,1.2457,712.51,
11/14/2008,111.75,114.9,110.3,110.4,14559,8835.25,911.29,8238.64,97.6,1.2786,733.95,
11/17/2008,111.5,112.55,110.5,110.95,6880,8497.31,873.29,8462.39,96.22,1.2523,739.9,
11/18/2008,110.95,112,106.25,110.55,8952,8273.58,850.75,8522.58,96.39,1.2642,738.25,
11/19/2008,109.75,111.95,109.75,110.6,4543,8424.75,859.12,8328.41,96.76,1.2636,738.9,
11/20/2008,111.35,114.25,109.2,111,603,7997.28,806.58,8273.22,95.98,1.2502,736.38,
11/21/2008,110.1,111.15,107.95,108.3,390,7552.29,752.44,7703.04,94.05,1.2437,744.25,
11/24/2008,108.4,110.85,108.4,108.95,142,8046.42,800.03,7910.79,95.89,1.2643,800.35,
11/25/2008,109.65,113.35,109.65,112.2,269,8443.39,851.81,7910.79,96.86,1.2915,817.3,
11/26/2008,114.25,114.25,112,112.5,114,8479.47,857.39,8323.93,95.45,1.3032,817.4,
11/28/2008,112.5,114.2,111.95,114.1,127,8726.61,887.68,8373.39,95.43,1.2894,815.55,
12/01/2008,114.1,114.1,114.1,114.1,3,8829.04,896.24,8512.27,95.7,1.2673,820.6,
12/02/2008,113.15,113.2,111.3,111.65,64,8149.09,816.21,8397.22,93.19,1.2596,820.6,
12/03/2008,112,112,109.85,110.25,74,8419.09,848.81,7863.69,93.16,1.2706,820.6,
12/04/2008,110.5,110.5,108.75,109.6,15,8591.69,870.74,8004.1,93.15,1.2706,820.6,
12/05/2008,109,109,104.5,104.5,61,8376.24,845.22,7924.24,92.45,1.2771,820.6,
12/08/2008,104,104,101.6,101.6,6,8635.42,876.07,7917.51,92.86,1.273,820.6,
12/09/2008,106.35,107.8,106.35,107.75,6,8934.18,909.7,8329.05,92.98,1.2913,820.6,
12/10/2008,107.25,108.6,107.25,108.05,6,8691.33,888.67,8395.87,92.32,1.2928,820.6,
12/11/2008,108.25,108.45,108.25,108.45,8,8761.42,899.24,8660.24,92.83,1.3012,820.6,
12/12/2008,110.4,111.75,110.4,111.05,14,8565.09,873.59,8720.55,91.54,1.3328,820.6,
12/15/2008,109.85,109.85,109.85,109.85,14,8629.68,879.73,8235.87,89.44,1.3442,820.6,
12/16/2008,111.45,111.45,108.3,108.3,1,8564.53,868.57,8664.66,90.55,1.3694,820.6,
12/17/2008,110.2,111.25,109.6,109.6,8,8924.14,913.18,8568.02,88.7,1.4063,820.6,
12/18/2008,110.5,110.5,110.5,110.5,8,8824.34,904.42,8612.52,87.3,1.4406,820.6,
07/06/2009,111.65,111.65,110.7,110.7,8,8280.74,896.42,9816.07,95.87,1.3961,929.8,
07/07/2009,120.25,122.95,119.6,120.95,818,8324.87,898.72,9680.87,95.22,1.3992,925.13,
07/08/2009,121.3,122.1,119.5,119.7,1117,8163.6,881.03,9647.79,94.62,1.3897,922.4,
07/09/2009,119.6,120.2,117.8,118.2,2364,8178.41,879.56,9420.75,92.71,1.3862,907.15,
07/10/2009,118.6,121.45,117.5,118.65,1326,8183.17,882.68,9291.06,93.16,1.401,912.68,
07/13/2009,118.85,119.95,116.4,117.45,1683,8146.52,879.13,9287.28,92.44,1.3973,913.38,
07/14/2009,117.45,118.05,116.45,117.95,1278,8331.68,901.05,9050.33,93.09,1.4004,918.35,
07/15/2009,117.95,120.55,117.85,118.5,848,8359.49,905.84,9261.81,93.64,1.3979,924.05,
07/16/2009,119,122.45,118.8,120.95,828,8616.21,932.68,9269.25,94.18,1.4093,937.85,
07/17/2009,121.15,122,117.8,118.7,1437,8711.82,940.74,9344.16,93.71,1.4131,935.43,
07/20/2009,118.9,121.85,118.9,121.7,1744,8743.94,940.38,9395.32,94.35,1.4135,937.93,
07/21/2009,121.05,125.75,121.05,125.25,1642,8848.15,951.13,9395.32,94.16,1.421,948,
07/22/2009,125.25,126.4,124.05,125.5,1319,8915.94,954.58,9652.02,93.55,1.4197,947.85,
07/23/2009,125.5,126.2,119.4,123.15,2465,8881.26,954.07,9723.16,93.58,1.4203,949.83,
07/24/2009,123.05,128.5,122.8,127.65,2744,9069.29,976.29,9792.94,94.96,1.4162,948.35,
07/27/2009,127.65,128.45,126.55,127.05,744,9093.24,979.26,9944.55,94.72,1.4193,950,
07/28/2009,127.15,128,126.2,127.55,725,9108.51,982.18,10088.66,95.17,1.4245,953.22,
07/29/2009,127.9,129.25,123.35,125.85,2200,9096.72,979.62,10087.26,94.43,1.4145,938.4,
07/30/2009,125.35,127.4,124.4,125.95,1269,9070.72,975.15,10113.24,95.09,1.4014,928,
07/31/2009,125.95,128.9,125.95,128.1,3124,9154.46,986.75,10165.21,95.56,1.4084,933.5,
08/03/2009,128.45,131.05,127,131,2277,9171.61,987.48,10356.83,94.65,1.4287,955.73,
08/04/2009,130.45,136.4,130.45,136.15,4651,9286.56,1002.63,10352.47,95.2,1.4408,955.23,
08/05/2009,135.5,137.15,134.5,136.05,3839,9320.19,1005.65,10375.01,95.3,1.4414,964.8,
08/06/2009,135.45,136.95,133.65,134.5,2490,9280.97,1002.72,10252.53,94.79,1.4409,963,
08/07/2009,134.4,137.8,134.4,137.8,3778,9256.26,997.08,10388.09,95.48,1.437,962.08,
08/10/2009,137.15,141.2,136.15,141,9604,9370.07,1010.48,10412.09,97.34,1.4192,953.4,
08/11/2009,140.3,141.65,137.95,139,6262,9337.95,1007.1,10524.26,97.01,1.4129,943.78,
08/12/2009,138.8,140.5,137.25,140.05,9110,9241.45,994.35,10585.46,95.94,1.415,946.9,
08/13/2009,139.4,140.45,138.1,138.7,9017,9361.61,1005.81,10435,96.19,1.4216,949.48,
08/14/2009,138.1,139.4,134.95,136.05,11102,9398.19,1012.73,10517.19,95.28,1.4273,957.53,
08/17/2009,135.5,136.85,131.55,132.35,12003,9321.4,1004.09,10597.33,94.72,1.4166,948.05,
08/18/2009,131.5,131.5,127.7,128.95,10509,9135.34,979.73,10268.61,94.47,1.4106,936.48,
08/19/2009,129,129.55,126.25,128.25,11415,9217.94,989.67,10284.96,94.89,1.4166,941.4,
08/20/2009,128,128.9,126.7,128.7,9564,9279.16,996.46,10204,94.11,1.4249,945.43,
08/21/2009,128.85,128.85,125.6,125.8,9739,9350.05,1007.37,10383.41,94.25,1.4254,940.9,
08/24/2009,125.75,128.5,125,125.05,7463,9505.96,1026.13,10238.2,94.58,1.4339,952,
08/25/2009,125.1,126.4,122.25,122.5,8764,9509.28,1025.57,10581.05,94.39,1.4292,944.23,
08/26/2009,122.4,123.7,121.3,121.4,6830,9539.29,1028,10497.36,93.92,1.4283,945.23,
08/27/2009,121.4,124.75,120.75,124.5,7664,9543.52,1028.12,10639.71,94.09,1.4236,945.48,
08/28/2009,124.3,124.9,121,121.35,7791,9580.63,1030.98,10473.97,93.66,1.4369,949.83,
08/31/2009,122,123.6,121.7,122.3,5035,9544.2,1028.93,10534.14,93.39,1.4303,959.25,
09/01/2009,122.15,122.7,120.3,122.3,6080,9496.28,1020.62,10492.53,92.89,1.4335,952.18,
09/02/2009,122.6,123.5,120,120.1,9010,9310.6,998.04,10530.06,92.7,1.4208,954.1,
09/03/2009,120,122.1,119.9,121.15,6451,9280.67,994.75,10280.46,92.25,1.4272,976.58,
09/04/2009,121.25,122.4,120.1,120.8,4696,9344.61,1003.24,10214.64,92.69,1.4255,991.75,
09/08/2009,121,124.8,120.6,124.1,4696,9441.27,1016.4,10320.94,92.94,1.4332,996,
09/09/2009,125,126.6,123.45,124.6,7002,9497.34,1025.39,10393.23,92.33,1.4501,1001.08,
09/10/2009,124.8,126.1,124.3,125.2,4768,9547.22,1033.37,10312.14,92.16,1.4548,994.3,
09/11/2009,125.35,126.2,123.2,124.65,5934,9627.48,1044.14,10513.67,91.72,1.458,997,
09/14/2009,124.65,128,124.5,126.55,8577,9605.41,1042.73,10444.33,90.41,1.4576,1009.1,
09/15/2009,125.65,133.9,125.1,133.1,15088,9626.8,1049.34,10202.06,90.88,1.4639,1000.25,
09/16/2009,133.85,135.2,131.6,134.6,11931,9683.41,1052.63,10217.62,90.92,1.467,1006.8,
09/17/2009,134.6,136.4,133.35,134.2,9018,9791.71,1068.76,10270.77,91.05,1.4708,1016.53,
09/18/2009,134.5,137.05,134.2,136.05,8868,9783.92,1065.49,10443.8,91.22,1.4731,1014.33,
09/21/2009,135.5,137.15,133.8,136.05,9131,9820.2,1068.3,10370.54,91.38,1.4702,1004.43,
09/22/2009,135.6,138.3,135.1,135.65,7433,9778.86,1064.66,10370.54,92.05,1.4682,1004.68,
09/23/2009,136,138.25,135.1,138.05,10187,9829.87,1071.66,10370.54,90.75,1.4809,1017.28,
09/24/2009,137.5,138.25,135.05,136.4,7125,9748.55,1060.87,10370.54,91.33,1.4727,1009.47,
09/25/2009,135.5,135.75,128.5,129.3,15872,9707.44,1050.78,10544.22,90.84,1.465,996.75,
09/28/2009,129.3,129.85,127.1,127.7,6567,9665.19,1044.38,10265.98,88.7,1.4708,994.68,
09/29/2009,127.35,128.55,127,127.15,4373,9789.36,1062.98,10009.52,89.91,1.4621,991.65,
09/30/2009,127.15,127.4,125.3,125.5,8226,9742.2,1060.61,10100.2,90.25,1.4593,993.4,
10/01/2009,125.65,128,125.55,127.8,6464,9712.28,1057.08,10133.23,89.89,1.4653,1007.78,
10/02/2009,127.5,129.75,125.9,126.7,9276,9509.28,1029.85,9978.64,89.55,1.4514,999.88,
10/05/2009,126.7,130,126.25,129.7,7739,9487.67,1025.21,9731.87,89.69,1.4596,1002.4,
10/06/2009,129.7,131.65,128.85,129.45,7905,9599.75,1040.46,9674.49,89.66,1.4656,1016.25,
10/07/2009,130,135.35,129.7,133.6,11054,9731.25,1054.72,9691.8,88.83,1.472,1038.8,
10/08/2009,133.6,135.35,133.05,134.25,6473,9725.58,1057.58,9799.6,88.55,1.4713,1046.1,
10/09/2009,135,139,134.9,137.9,12309,9786.87,1065.48,9832.47,88.75,1.4769,1050.03,
10/12/2009,137,138.95,135.2,135.65,8451,9864.94,1071.49,10016.39,89.95,1.4718,1052.18,
10/13/2009,135.25,138.9,133.6,138.05,8499,9885.8,1076.19,10016.39,89.72,1.4789,1054.8,
10/14/2009,138.15,139.75,135.8,138.45,9118,9871.06,1073.19,10076.56,89.84,1.4848,1063.22,
10/15/2009,138.75,139.45,138,139.25,6334,10015.86,1092.02,10060.21,89.42,1.4931,1064.55,
10/16/2009,139.25,139.45,136.3,137.75,8473,10062.94,1096.56,10238.65,90.81,1.4953,1052.25,
10/19/2009,137.75,143,136.6,142.85,16445,9995.91,1087.68,10257.56,90.92,1.4891,1054.18,
10/20/2009,142.85,145.4,141.25,144.25,11108,10092.19,1097.91,10236.51,90.75,1.4967,1062.95,
10/21/2009,144,144,140,141.8,9384,10041.48,1091.06,10336.84,90.81,1.493,1055.97,
10/22/2009,141.85,144.4,140,144.3,9133,9949.36,1081.4,10333.39,90.86,1.5013,1059.03,
10/23/2009,143.55,143.8,140.3,143.65,11113,10081.31,1092.91,10267.17,91.42,1.5024,1060.63,
10/26/2009,143.25,143.25,135.95,137.15,16499,9972.18,1079.6,10282.99,92.12,1.4992,1055.05,
10/27/2009,136.75,139.2,134.2,136.5,12417,9867.96,1066.95,10362.62,92.22,1.4857,1039.4,
10/28/2009,136.4,137.7,135.4,136.35,6887,9882.17,1063.41,10212.46,91.67,1.4819,1040.6,
10/29/2009,136.35,136.55,132.95,134.6,9775,9762.69,1042.63,10075.05,90.61,1.4715,1030.33,
10/30/2009,134.5,137.55,133.55,136.75,10849,9962.58,1066.11,9891.1,91.52,1.4838,1046.65,
11/02/2009,136.95,138.5,133.85,135.5,11328,9712.73,1036.19,10034.74,89.72,1.4703,1043.28,
11/03/2009,135,143.1,134.95,142.35,21579,9789.44,1042.88,9802.95,90.42,1.4772,1062.35,
11/04/2009,141.75,142.05,139,141.1,12601,9771.91,1045.41,9802.95,90.42,1.4731,1082.65,
11/05/2009,141.1,142.95,139.7,140.75,10420,9802.14,1046.5,9844.31,90.7,1.4865,1092.5,
11/06/2009,140.55,144,139.75,142.1,16610,10005.96,1066.63,9717.44,90.8,1.4876,1090.35,
11/09/2009,142.1,143.15,138.1,138.9,15447,10023.42,1069.3,9789.35,89.89,1.4864,1097.65,
11/10/2009,139.5,142.25,139.1,140.05,11538,10226.94,1093.08,9808.99,89.88,1.4996,1104.43,
11/11/2009,139.45,140.1,133.15,134.05,20390,10246.97,1093.01,9870.73,89.7,1.4991,1106.57,
11/12/2009,134.55,136,132,132.7,14156,10291.26,1098.51,9871.68,89.94,1.4985,1116.5,
11/13/2009,132.7,132.85,130,130.65,17085,10197.47,1087.24,9804.49,90.28,1.4856,1104.93,
11/16/2009,130.1,132.6,130,131.1,13820,10270.47,1093.48,9770.31,89.64,1.4957,1124.75,
11/17/2009,132.6,137.25,132.1,136.35,13717,10406.96,1109.3,9791.18,89.03,1.4982,1137.7,
11/18/2009,136.5,136.5,134.2,135.75,7654,10437.42,1110.32,9729.93,89.25,1.4874,1141.18,
11/19/2009,136.05,140,136.05,138.05,7473,10426.31,1109.8,9676.8,89.41,1.4954,1143.18,
11/20/2009,138.15,138.15,133.5,135.05,1566,10332.44,1094.9,9549.47,88.92,1.4913,1143.9,
11/23/2009,135.05,136.25,134,134.6,527,10318.16,1091.38,9497.68,88.89,1.4868,1158.2,
11/24/2009,138.2,138.2,136.25,136.3,426,10450.95,1106.24,9497.68,88.92,1.4958,1161.8,
11/25/2009,136.05,137.05,135.5,136.05,296,10433.71,1105.65,9401.58,88.61,1.4965,1167.75,
11/27/2009,137.05,139.1,137,138.8,120,10464.4,1110.63,9383.24,85.16,1.4967,1186.55,
11/30/2009,137.5,138,134,137.95,309,10309.92,1091.49,9081.52,86.64,1.4998,1171.3,
12/01/2009,137.95,142.15,137.95,141.75,207,10344.84,1095.63,9345.55,86.25,1.5035,1179.8,
12/02/2009,142.5,143.7,142,142.5,127,10471.58,1108.86,9572.2,86.66,1.5089,1197,
12/03/2009,142.75,144.1,142.1,143.2,78,10452.68,1109.24,9608.94,87.64,1.5065,1220.22,
12/04/2009,144,144.8,143.65,144.15,20,10366.15,1099.92,9977.67,88.28,1.5062,1206.38,
12/07/2009,144.5,144.5,140,141.1,61,10388.9,1105.98,10022.59,90.08,1.487,1158.2,
12/08/2009,141.85,147.05,141,146.25,26,10390.11,1103.25,10167.6,89.32,1.4838,1159.22,
12/09/2009,146.15,146.15,143.65,143.65,28,10285.97,1091.94,10140.47,88.41,1.4691,1130.82,
12/10/2009,145.45,145.9,141.4,141.55,35,10337.05,1095.95,10004.72,88.09,1.4736,1133.72,
12/11/2009,142.55,142.9,142.5,142.65,12,10405.83,1102.35,9862.82,88.27,1.4729,1133.13,
12/14/2009,143.75,143.75,141,142.6,11,10471.5,1106.41,10107.87,89.27,1.4624,1113.58,
12/15/2009,143.4,145.85,143,145.85,7,10501.05,1114.11,10105.68,88.69,1.4657,1127.8,
12/16/2009,145,149.2,145,147.2,28,10452,1107.93,10083.48,89.62,1.4541,1125.68,
12/17/2009,147.75,148.55,147.75,148.2,37,10441.12,1109.18,10177.41,89.86,1.4524,1140.22,
12/18/2009,146.7,147.8,145.5,146,41,10308.26,1096.08,10163.8,89.67,1.4344,1103.97,
07/06/2010,146,146.5,144.35,144.35,41,9686.48,1022.58,9266.78,87.53,1.2507,1209.78,
07/07/2010,163.65,164.25,157.65,158.45,3898,9743.62,1028.06,9338.04,87.64,1.2622,1193.63,
07/08/2010,158.7,164.1,158,163.45,2959,10018.28,1060.27,9279.65,87.82,1.2624,1205.55,
07/09/2010,163.75,164.1,161.35,162.65,2224,10138.99,1070.25,9535.74,88.5,1.269,1195.55,
07/12/2010,162.9,167.5,162.7,164.35,4089,10198.03,1077.96,9585.32,88.61,1.2638,1211.55,
07/13/2010,162.95,164.75,160,163.9,2543,10216.27,1078.75,9548.11,88.76,1.2603,1197.45,
07/14/2010,162.45,166.95,162.45,165.95,3481,10363.02,1095.34,9537.23,88.83,1.2719,1211.35,
07/15/2010,165.55,166.75,164.45,165.25,2830,10366.72,1095.17,9795.24,88.3,1.2734,1210.05,
07/16/2010,165,169.5,164.7,167.45,4786,10359.31,1096.48,9685.53,87.43,1.2918,1209.95,
07/19/2010,167.45,169.95,165.7,167.45,2268,10097.9,1064.88,9408.36,86.53,1.2889,1192.25,
07/20/2010,167.3,167.45,162.2,164.5,4689,10154.43,1071.25,9408.36,86.76,1.2939,1181.7,
07/21/2010,163.8,164.8,159,159.3,4266,10229.96,1083.48,9300.46,87.41,1.2905,1191.9,
07/22/2010,159.7,161.5,156.6,158.05,2328,10120.53,1069.59,9278.83,86.85,1.2759,1185.85,
07/23/2010,158.35,162.6,158.35,162.3,4120,10322.3,1093.67,9220.88,87.22,1.2911,1196.05,
07/26/2010,162.1,168.05,161.15,166.7,5720,10424.62,1102.66,9430.96,87.67,1.2923,1191.1,
07/27/2010,166.7,168,165,166.55,8238,10525.43,1115.01,9503.66,86.91,1.2982,1184.72,
07/28/2010,166.4,167.3,164.1,164.75,3797,10537.69,1113.84,9496.85,87.82,1.2987,1161.8,
07/29/2010,164.35,169,164.35,168.35,4194,10497.88,1106.13,9496.85,87.82,1.2998,1161.8,
07/30/2010,168,175.4,167.4,173.75,7886,10467.16,1101.53,9496.85,87.82,1.3066,1161.8,
08/02/2010,173.2,179.35,173.2,176.8,7417,10465.94,1101.6,9537.3,86.52,1.3059,1181.65,
08/03/2010,175.65,181.55,172.8,173.3,8565,10674.38,1125.86,9570.31,86.53,1.3172,1183.15,
08/04/2010,173.3,175.2,166.1,167.65,6850,10636.38,1120.46,9694.01,85.88,1.322,1190.05,
08/05/2010,168.5,172.7,168.5,170.85,5486,10680.43,1127.24,9489.34,86.33,1.3154,1196.4,
08/06/2010,170.65,173.7,170.15,171.05,6460,10674.98,1125.81,9653.92,85.81,1.3179,1193.7,
08/09/2010,171.15,172.45,166.85,168.7,9711,10653.56,1121.64,9642.12,85.35,1.3283,1205.75,
08/10/2010,169.45,172,167.6,171.1,11650,10698.75,1127.79,9572.49,85.93,1.3215,1201.45,
08/11/2010,171,173.5,169,171.3,10788,10644.25,1121.06,9551.05,85.32,1.3155,1203.25,
08/12/2010,171.3,173.5,170.75,172.35,12837,10378.83,1089.47,9292.85,85.13,1.2849,1200.85,
08/13/2010,172.2,179.5,171.8,177.55,23419,10319.95,1083.61,9212.59,86.17,1.2842,1212.35,
08/16/2010,177.5,180.45,175.4,177.6,11082,10303.15,1079.25,9253.46,85.97,1.2756,1215.15,
08/17/2010,176.6,182.9,175.6,181.1,15388,10302.01,1079.38,9196.67,85.19,1.2813,1224.75,
08/18/2010,180.5,182.8,177.6,178.3,19146,10405.85,1092.54,9161.68,85.62,1.2869,1224.55,
08/19/2010,177.95,179.7,177.2,177.8,12949,10415.54,1094.16,9240.54,85.46,1.2799,1228.85,
08/20/2010,177.8,181.2,177.55,179.85,10342,10271.21,1075.63,9362.68,85.2,1.2807,1232.15,
08/23/2010,179.55,186.5,179.55,185.05,17670,10213.62,1071.69,9179.38,85.56,1.2699,1226.55,
08/24/2010,185.1,188.65,182.45,183.25,8963,10174.41,1067.36,9116.69,85.08,1.2631,1223.35,
08/25/2010,182.75,183.15,167.7,168.45,28407,10040.45,1051.87,8995.14,84.19,1.2635,1230.95,
08/26/2010,168.45,169.9,165.35,166.6,12600,10060.06,1055.33,8845.39,84.79,1.2672,1239.35,
08/27/2010,168,173.8,167.25,172.4,10802,9985.81,1047.22,8906.48,84.31,1.2703,1237.35,
08/30/2010,172.4,181.55,170.3,178.85,14447,10150.65,1064.59,8991.06,85.6,1.2752,1237.15,
08/31/2010,179.7,184.3,176.8,181.4,7914,10009.73,1048.92,9149.26,84.61,1.2663,1236.75,
09/01/2010,180,183.2,177.2,178.45,7024,10014.72,1049.33,8824.06,84.13,1.2674,1248.55,
09/02/2010,179.65,184.2,179.3,182.35,8781,10269.47,1080.29,8927.02,84.51,1.2795,1245.95,
09/03/2010,182,186.65,181.35,184.85,10594,10320.1,1090.1,9062.84,84.37,1.2814,1251.95,
09/07/2010,184.7,188.35,184,186.95,7350,10447.93,1104.51,9301.32,84.17,1.2818,1249.75,
09/08/2010,186.2,193.55,182.6,192.3,13704,10340.69,1091.84,9226,83.75,1.2692,1256.75,
09/09/2010,193,198.65,189.6,194.55,13581,10387.01,1098.87,9024.6,84,1.2727,1255.45,
09/10/2010,191.45,194,189.3,190.7,9470,10415.24,1104.18,9098.39,83.92,1.2678,1245.95,
09/13/2010,189.95,194.25,186.9,189.8,10506,10462.77,1109.55,9239.17,84.25,1.276,1243.55,
09/14/2010,189.95,192.7,188.2,189.15,7099,10544.13,1121.9,9321.82,83.61,1.2863,1248.85,
09/15/2010,191.15,196.8,190.45,195.3,10682,10526.49,1121.1,9299.31,83.08,1.2995,1268.35,
09/16/2010,194.55,196.1,189.15,194.15,9847,10572.73,1125.07,9516.56,85.61,1.3011,1267.95,
09/17/2010,192.6,197.6,190.6,191.8,9767,10594.83,1124.66,9509.5,85.81,1.3066,1274.35,
09/20/2010,191.95,194.05,187.7,189.3,12616,10607.85,1125.59,9626.09,85.75,1.3043,1276.65,
09/21/2010,190,190.75,180.95,181.95,18452,10753.62,1142.71,9626.09,85.72,1.3062,1278.95,
09/22/2010,182.85,185.9,181.2,182.9,10340,10761.03,1139.78,9602.11,84.99,1.3283,1287.65,
09/23/2010,183.65,187.4,179.35,179.95,11685,10739.31,1134.28,9566.32,84.59,1.3393,1291.15,
09/24/2010,181,183.25,179.6,181.65,7879,10662.42,1124.83,9566.32,84.56,1.3295,1293.85,
09/27/2010,181.95,183.7,178.25,180.6,10602,10860.26,1148.67,9471.67,84.33,1.3478,1296.65,
09/28/2010,180.7,185,179.55,182.25,8163,10812.04,1142.16,9603.14,84.27,1.3428,1292.25,
09/29/2010,181.55,190.9,181.55,188.95,13065,10858.14,1147.7,9495.76,83.94,1.3573,1308.95,
09/30/2010,188.95,189.45,183.25,185.75,8664,10835.28,1144.73,9559.38,83.77,1.3624,1308.55,
10/01/2010,185.75,187.45,180.1,183.05,11690,10788.05,1141.2,9369.35,83.51,1.3631,1307.45,
10/04/2010,183.65,186.2,180.5,181.1,8143,10829.68,1146.24,9404.23,83.35,1.3775,1317.85,
10/05/2010,180.85,181.1,171.8,172.5,19342,10751.27,1137.03,9381.06,83.58,1.3648,1315.05,
10/06/2010,173.25,177.8,171.6,177,12973,10944.72,1160.75,9518.76,83.17,1.3853,1339.65,
10/07/2010,176.75,177.7,175.05,175.55,7202,10967.65,1159.97,9691.43,82.98,1.3915,1345.15,
10/08/2010,176.1,178.2,173.25,173.45,9057,10948.58,1158.06,9684.81,82.36,1.3924,1334.95,
10/11/2010,173.75,182.95,171.9,182.15,12924,11006.48,1165.15,9588.88,81.83,1.3996,1354.95,
10/12/2010,181.5,182.4,176.35,178.65,8338,11010.34,1165.32,9588.88,82.32,1.3864,1353.05,
10/13/2010,179.55,188,178.55,185.7,12485,11020.4,1169.77,9388.64,81.8,1.392,1351.85,
10/14/2010,186.4,190.45,184.6,186.15,9387,11096.08,1178.1,9403.51,81.72,1.3982,1373.25,
10/15/2010,186.35,189.1,185.3,187.6,8791,11096.92,1173.81,9583.51,81.59,1.4025,1378.75,
10/18/2010,187.7,189.35,183.25,186.4,8474,11062.78,1176.19,9500.25,81.32,1.3951,1366.05,
10/19/2010,186.1,188.25,183.75,185.6,7978,11143.69,1184.71,9498.49,81.19,1.3963,1368.25,
10/20/2010,184.9,192.1,184.55,190.9,13663,10978.62,1165.9,9539.45,81.46,1.3698,1333.15,
10/21/2010,190,198.15,189.9,196.75,15456,11107.97,1178.17,9381.6,81.11,1.3975,1348.75,
10/22/2010,196,203.5,195.5,201,15970,11146.57,1180.26,9376.48,81.27,1.3912,1325.95,
10/25/2010,200.75,201.7,196,198.85,10802,11132.56,1183.08,9426.71,81.31,1.3961,1333.75,
10/26/2010,200.1,202.9,198.9,200.5,9513,11164.05,1185.62,9401.16,80.81,1.3922,1340.95,
10/27/2010,200.35,204.6,199.1,201.75,12182,11169.46,1185.64,9377.38,81.42,1.3845,1341.45,
10/28/2010,201.45,203.55,199.25,200.3,11554,11126.28,1182.45,9387.03,81.58,1.3778,1327.75,
10/29/2010,200,201.95,196.3,196.6,13266,11113.95,1183.78,9366.03,80.94,1.3928,1343.25,
11/01/2010,197.5,204,197.05,203.45,12601,11118.4,1183.26,9202.45,80.36,1.3973,1362.95,
11/02/2010,202.8,203.25,197.65,197.7,11340,11124.62,1184.38,9154.72,80.58,1.3908,1353.65,
11/03/2010,198.15,200.4,197.7,199.4,7803,11188.72,1193.57,9159.98,80.68,1.4033,1356.15,
11/04/2010,200,200.85,192.8,196.15,17800,11215.13,1197.96,9159.98,81.07,1.4127,1348.55,
11/05/2010,197.5,209.25,197.25,205.8,20620,11434.84,1221.06,9358.78,80.79,1.4228,1387.15,
11/08/2010,205,206.85,203.3,205.15,10064,11444.08,1225.85,9625.99,81.16,1.4074,1395.55,
11/09/2010,204.5,209.7,203.85,208.1,14160,11406.84,1223.25,9732.92,81.11,1.3867,1405.85,
11/10/2010,207.9,217.85,207.45,217.05,19710,11346.75,1213.4,9694.49,81.59,1.3771,1395.85,
11/11/2010,217.35,218.7,211.35,212.25,19130,11357.04,1218.71,9830.52,82.23,1.3774,1400.95,
11/12/2010,212.3,214.9,205.8,206.65,16366,11283.1,1213.54,9861.46,82.43,1.3621,1406.95,
11/15/2010,205.5,206.25,199.2,200.45,28051,11192.58,1199.21,9724.81,82.49,1.3688,1370.25,
11/16/2010,202.05,206.95,201.6,204.45,14403,11201.97,1197.75,9827.51,83.17,1.3572,1357.55,
11/17/2010,204.45,205.7,196.7,197.8,21439,11023.5,1178.34,9797.1,83.38,1.3493,1339.65,
11/18/2010,198.05,200.85,195.65,199.45,9993,11007.88,1178.59,9811.66,83.14,1.3554,1341.35,
11/19/2010,200,209.85,200,208.65,7439,11181.23,1196.69,10013.63,83.54,1.3656,1362.85,
11/22/2010,208.95,210.1,205.6,209.85,741,11203.55,1199.73,10022.39,83.48,1.3741,1359.75,
11/23/2010,210.2,211.65,205,206.15,748,11178.58,1197.84,10115.19,83.31,1.36,1364.15,
11/24/2010,206,210.45,201.4,210.35,557,11036.37,1180.73,10115.19,83.27,1.3385,1372.35,
11/26/2010,209.8,211.7,207,207.15,195,11187.28,1198.35,10079.76,83.65,1.3339,1372.85,
11/29/2010,205.8,206.45,201,202.15,322,11092,1189.4,10039.56,84.18,1.3237,1357.45,
11/30/2010,202.4,203.2,199,202.4,217,11052.49,1187.76,10125.99,84.28,1.3099,1365.85,
12/01/2010,203.4,203.8,200,200.95,289,11006.02,1180.55,9937.04,83.69,1.2994,1383.55,
12/02/2010,200.2,205.25,200,203.3,67,11255.78,1206.07,9988.05,84.14,1.3124,1387.75,
12/03/2010,203.7,203.7,203,203.4,25,11362.41,1221.53,10168.52,83.84,1.3211,1385.85,
12/06/2010,204.85,206.2,204.5,204.5,31,11382.09,1224.71,10178.32,82.8,1.3413,1409.85,
12/07/2010,206.4,209,206.4,208.65,14,11362.19,1223.12,10167.23,82.68,1.3289,1421.45,
12/08/2010,211.2,211.2,207.3,207.6,52,11359.16,1223.75,10141.1,83.49,1.3245,1400.55,
12/09/2010,207,207,201.5,204.25,63,11372.48,1228.28,10232.33,84.11,1.3248,1384.25,
12/10/2010,205.65,206.05,204.3,204.3,13,11370.06,1233,10285.88,83.83,1.324,1386.55,
12/13/2010,209.35,209.35,209.35,209.35,13,11410.32,1240.4,10211.95,83.99,1.3196,1380.55,
12/14/2010,213.1,217.2,213.1,217.2,18,11428.56,1240.46,10293.89,83.45,1.3394,1396.25,
12/15/2010,217.25,219.15,215.6,216.35,18,11476.54,1241.59,10316.77,83.81,1.3356,1396.25,
12/16/2010,217.3,217.55,216.9,216.9,9,11457.47,1235.23,10309.78,84.28,1.3224,1379.95,
12/17/2010,216,217,214.35,216.15,69,11499.25,1242.87,10311.29,84.06,1.3238,1370.45,
12/20/2010,217.75,226.15,217.75,225.25,90,11491.91,1243.91,10303.83,84.03,1.3162,1381.15,
07/06/2011,224.8,225.45,223.85,224.65,11,12569.87,1337.88,9972.46,81.08,1.4432,1512.75,
07/07/2011,271.55,272.75,269.1,270.9,2365,12626.02,1339.22,10082.48,80.88,1.4333,1527.95,
07/08/2011,269.4,274.75,269.05,271.85,1968,12719.49,1353.22,10071.14,81.27,1.436,1530.25,
07/11/2011,272.05,273.5,266.5,266.95,2825,12657.2,1343.8,10137.73,80.68,1.421,1542.65,
07/12/2011,266.2,266.7,260.1,262.85,4585,12505.76,1319.49,10069.53,80.34,1.4037,1552.05,
07/13/2011,262.85,262.85,258.8,261.8,2313,12446.88,1313.64,9925.92,79.46,1.3989,1567.55,
07/14/2011,261.9,269.65,261.9,267.6,1895,12491.61,1317.72,9963.14,78.86,1.4269,1589.35,
07/15/2011,267.6,269.3,260.4,262.1,2038,12437.12,1308.87,9936.12,79.01,1.4162,1586.45,
07/18/2011,262,263.75,256.2,257.3,2937,12479.73,1316.14,9974.47,79.07,1.4126,1596.65,
07/19/2011,256.85,256.85,251,252.1,3867,12385.16,1305.44,9974.47,79.04,1.4126,1603.75,
07/20/2011,253.2,256.5,247,247.7,3199,12587.42,1326.73,9889.72,79.18,1.417,1589.85,
07/21/2011,248.5,250.3,243.95,247.4,3089,12571.91,1325.84,10005.9,78.81,1.4261,1598.65,
07/22/2011,248.6,251.85,243.6,244.9,4772,12724.41,1343.8,10010.39,78.56,1.4408,1591.35,
07/25/2011,245.15,250.15,242.2,245.75,5127,12681.16,1345.02,10132.11,78.39,1.4367,1615.75,
07/26/2011,245.75,248.6,245.2,247.15,4108,12592.8,1337.43,10050.01,78.31,1.4373,1613.75,
07/27/2011,247.15,251.45,247,249.25,7369,12501.3,1331.94,10097.72,77.99,1.4508,1619.55,
07/28/2011,249.5,249.5,243,245.55,5289,12302.55,1304.89,10047.19,77.94,1.4361,1613.55,
07/29/2011,245.9,248.95,241.5,243,5263,12240.11,1300.67,9901.35,77.83,1.4326,1614.15,
08/01/2011,242.9,246.5,242.55,243.6,3979,12143.24,1292.28,9833.03,77.35,1.4353,1615.15,
08/02/2011,243.95,247.5,243.25,245.3,9861,12132.49,1286.94,9965.01,77.57,1.4272,1618.55,
08/03/2011,245.15,252.1,244.5,247.1,6433,11866.62,1254.05,9844.59,77.3,1.4184,1654.45,
08/04/2011,246.3,249.4,244.1,245.5,8245,11896.44,1260.34,9637.14,77.14,1.4349,1660.65,
08/05/2011,246,246.5,238.65,239.75,8955,11383.68,1200.07,9659.18,79.08,1.4077,1641.85,
08/08/2011,238.6,251.2,237.35,241.9,14876,11444.61,1199.38,9299.88,78.25,1.4307,1688.35,
08/09/2011,240.9,240.9,235.3,237.95,8280,10809.85,1119.46,9097.56,77.67,1.4175,1721.85,
08/10/2011,236.5,241.8,236.2,238.5,8732,11239.77,1172.53,8944.48,77.14,1.4354,1763.85,
08/11/2011,238.5,242.4,237.2,238.35,8881,10719.94,1120.76,9038.74,76.82,1.4134,1808.75,
08/12/2011,238.95,244.8,237.65,244.05,13811,11143.31,1172.64,8981.94,76.94,1.4215,1752.25,
08/15/2011,244,245.5,242.5,243.85,11579,11269.02,1178.81,8963.72,76.87,1.4283,1733.35,
08/16/2011,243.5,251.75,243.35,249.4,12837,11482.9,1204.49,9086.41,76.82,1.4437,1766.85,
08/17/2011,248.7,255.5,245.75,255,14317,11405.93,1192.76,9107.43,76.74,1.438,1786.05,
08/18/2011,254.2,267.3,254.1,266.8,21090,11410.21,1193.89,9057.26,76.62,1.4427,1787.45,
08/19/2011,265.7,268.75,260.2,268.4,14972,10990.58,1140.65,8943.76,76.64,1.4295,1825.25,
08/22/2011,266.7,270.2,264.7,269.85,15530,10817.65,1123.53,8719.24,76.85,1.4366,1871.25,
08/23/2011,267.2,273.25,266.55,268.35,15753,10854.65,1123.82,8628.13,76.93,1.4356,1908.85,
08/24/2011,267.35,273.5,267.35,271.6,11105,11176.76,1162.35,8733.01,76.66,1.4438,1837.85,
08/25/2011,272,277.65,271.95,273.75,12810,11320.71,1177.6,8639.61,77.02,1.4407,1749.05,
08/26/2011,273.15,277.9,273.15,275.5,10896,11149.82,1159.27,8772.36,77.41,1.4411,1764.85,
08/29/2011,275.75,280.5,275.25,279.2,10662,11284.54,1176.8,8797.78,76.76,1.448,1823.55,
08/30/2011,279.9,284.75,279.9,284.45,8403,11539.25,1210.08,8851.35,76.95,1.4514,1790.75,
08/31/2011,284.45,287,278.4,286.7,12731,11559.95,1212.92,8953.9,76.72,1.4424,1830.05,
09/01/2011,286.6,288.5,284.7,288.25,11392,11613.53,1218.89,8955.2,76.76,1.4359,1827.25,
09/02/2011,287.15,290.85,282.6,289.75,11917,11493.57,1204.42,9060.8,76.89,1.4278,1826.75,
09/06/2011,289,290.45,284.7,288.05,10210,11240.26,1173.97,8784.46,76.93,1.4071,1897.95,
09/07/2011,283.3,283.5,276.6,280.95,12831,11139.3,1165.24,8590.57,77.53,1.4023,1876.15,
09/08/2011,281.9,285.2,280.3,284.5,9868,11414.86,1198.62,8763.41,77.35,1.407,1813.35,
09/09/2011,283.9,284.75,281,284.1,7705,11295.81,1185.9,8793.12,77.56,1.3915,1864.65,
09/12/2011,283.25,283.6,265.1,270,20661,10992.13,1154.23,8737.66,77.47,1.3582,1859.25,
09/13/2011,270,274.75,268.15,270.95,9910,11061.12,1162.27,8535.67,77.19,1.3639,1825.05,
09/14/2011,270.95,274,268,270.3,8830,11105.85,1172.87,8616.55,76.95,1.368,1837.65,
09/15/2011,269,271.1,264.1,265.7,10698,11246.73,1188.68,8518.57,76.72,1.3747,1825.45,
09/16/2011,265.3,269.65,260.2,260.55,12262,11433.18,1209.11,8668.86,76.72,1.388,1786.95,
09/19/2011,260.4,264.75,255.1,260.4,16428,11509.09,1216.01,8864.16,76.96,1.3681,1825.65,
09/20/2011,260.15,264.35,255.45,262.05,12131,11401.01,1204.09,8864.16,76.68,1.3621,1781.25,
09/21/2011,262.5,266,259.5,260.2,8007,11408.66,1202.09,8721.24,76.4,1.3706,1802.25,
09/22/2011,260.4,260.4,251.35,251.95,15356,11124.84,1166.76,8741.16,76.63,1.3576,1784.65,
09/23/2011,251,251,235.65,239.25,24255,10733.83,1129.56,8560.26,76.26,1.3504,1742.25,
09/26/2011,239.9,241.95,230.8,231.45,19201,10771.48,1136.43,8560.26,76.66,1.3516,1650.05,
09/27/2011,233,240.5,232,235.95,12538,11043.86,1162.95,8374.13,76.44,1.3496,1619.25,
09/28/2011,238.4,246.55,237.35,240.85,14748,11190.69,1175.38,8609.95,76.7,1.3585,1643.15,
09/29/2011,241.05,244.2,232.85,233.5,14144,11010.9,1151.06,8615.65,76.54,1.3522,1588.55,
09/30/2011,233.4,235.5,230.15,231.15,12916,11153.98,1160.4,8701.23,76.73,1.3595,1624.05,
10/03/2011,230.85,233.6,228.5,228.9,12972,10913.38,1131.42,8700.29,77.2,1.3356,1629.15,
10/04/2011,228.5,228.6,219.8,223.45,16493,10655.3,1099.23,8545.48,76.62,1.319,1667.25,
10/05/2011,224.25,230.2,221.7,226.55,13144,10808.71,1123.95,8456.12,76.83,1.3317,1630.05,
10/06/2011,228,232,226.15,227.7,7789,10939.95,1144.03,8382.98,76.79,1.3345,1636.95,
10/07/2011,229,236.1,228.05,234.4,11438,11123.33,1164.97,8522.02,76.69,1.3427,1652.25,
10/10/2011,235.65,236,223.65,224.35,11585,11103.12,1155.46,8605.62,76.8,1.3399,1644.75,
10/11/2011,226,231.75,225.1,226.3,7986,11433.18,1194.89,8605.62,76.67,1.3626,1674.55,
10/12/2011,226.3,228.35,221.65,223.4,11813,11416.3,1195.54,8773.68,76.71,1.3633,1663.05,
10/13/2011,224,231.7,223.6,229.45,9562,11518.85,1207.25,8738.9,77.1,1.3777,1678.85,
10/14/2011,231.5,240.35,228.1,237.65,12978,11478.13,1203.66,8823.25,76.9,1.3751,1668.85,
10/17/2011,237.45,241.5,234.25,239.55,10727,11644.49,1224.58,8747.96,77.22,1.3872,1681.35,
10/18/2011,240.05,243.55,228.35,234,13021,11397,1200.86,8879.6,76.84,1.3744,1674.45,
10/19/2011,232.8,236,229.4,231.5,11693,11577.05,1225.38,8741.91,76.78,1.3733,1657.05,
10/20/2011,231.25,239.25,230.9,236.15,11179,11504.62,1209.88,8772.54,76.84,1.3767,1641.75,
10/21/2011,234.4,236.85,229.7,231.65,11835,11541.78,1215.39,8682.15,76.88,1.3793,1616.85,
10/24/2011,233.65,246.7,233.2,244.85,19339,11808.79,1238.25,8678.89,76.42,1.3849,1642.85,
10/25/2011,245.45,251.5,243.1,250.8,11956,11913.62,1254.19,8843.98,76.2,1.3919,1650.45,
10/26/2011,251.25,252.5,235.6,236.55,21495,11706.62,1229.05,8762.31,76.12,1.3903,1701.45,
10/27/2011,236.8,240.5,231.9,233.7,11300,11869.04,1242,8748.47,76.18,1.3875,1723.65,
10/28/2011,234,240.95,234,234.6,12146,12208.55,1284.59,8926.54,75.98,1.4173,1746.35,
10/31/2011,234.6,236.7,232.1,235.15,10203,12231.11,1285.09,9050.47,75.76,1.4143,1742.85,
11/01/2011,233,233.45,225.35,226.95,13765,11955.01,1253.3,8988.39,78.32,1.3844,1714.45,
11/02/2011,226.4,226.4,220.45,223.65,16412,11657.96,1218.28,8835.52,78.31,1.3661,1715.75,
11/03/2011,225.4,227.5,223,224,11173,11836.04,1237.9,8640.42,78.15,1.3726,1735.65,
11/04/2011,223.25,230.1,223.25,226.8,13006,12044.47,1261.15,8640.42,78.06,1.3823,1758.85,
11/07/2011,227.5,231.4,224.25,230.2,11895,11983.24,1253.23,8801.4,78.16,1.3786,1756.85,
11/08/2011,230.2,236.8,228.65,233,14673,12068.39,1261.12,8767.09,78.08,1.3759,1793.45,
11/09/2011,234.9,237.3,228.7,229.6,14322,12170.18,1275.92,8655.51,77.7,1.3824,1789.55,
11/10/2011,230.4,231.45,226.95,230.2,11909,11780.94,1229.1,8755.44,77.77,1.3525,1771.75,
11/11/2011,229.05,232.8,227.75,230,10161,11893.79,1239.69,8500.8,77.66,1.3609,1752.45,
11/14/2011,230.7,235.05,229.25,233.95,21170,12153.68,1263.85,8514.47,77.18,1.3784,1795.45,
11/15/2011,237.3,238.35,228.1,230.95,15073,12078.98,1251.78,8603.7,77.1,1.3624,1780.35,
11/16/2011,233.15,240,230.4,239.5,13473,12096.16,1257.81,8541.93,77.09,1.3503,1778.65,
11/17/2011,237.55,238.5,235.1,235.75,7010,11905.59,1236.91,8463.16,77.07,1.3439,1762.15,
11/18/2011,235,236.25,231.3,232.15,9336,11770.73,1216.13,8479.63,76.97,1.3453,1721.55,
11/21/2011,231.75,236,231.6,234.2,6987,11796.16,1215.65,8374.91,76.85,1.3535,1720.45,
11/22/2011,233.7,234.5,231.95,232.2,694,11547.31,1192.98,8348.27,76.94,1.3483,1677.95,
11/23/2011,233.5,233.8,230.85,232.9,195,11493.72,1188.04,8314.74,76.98,1.3518,1701.35,
11/25/2011,231.2,236.6,230.25,231.6,112,11257.55,1161.79,8165.18,77.19,1.333,1694.65,
11/28/2011,231,231.45,229.5,229.6,107,11231.78,1158.67,8160.01,77.68,1.331,1693.85,
11/29/2011,231.2,234,224.4,224.7,83,11523.01,1192.55,8287.49,78.09,1.3314,1711.85,
11/30/2011,226,228.5,224.2,225.25,128,11555.63,1195.19,8477.82,77.97,1.3322,1718.55,
12/01/2011,225,233.8,225,233.8,83,12045.68,1246.96,8434.61,77.6,1.344,1748.35,
12/02/2011,233.2,235.7,231.55,233.2,78,12020.03,1244.58,8597.38,77.77,1.3465,1745.25,
12/05/2011,234,234,223.9,227.15,10,12019.42,1244.28,8643.75,78.09,1.3415,1753.55,
12/06/2011,229.4,235.2,228.5,233.95,28,12097.83,1257.08,8695.98,77.81,1.3386,1721.55,
12/07/2011,232.25,233.7,230.1,232.85,28,12150.13,1258.47,8575.16,77.75,1.3409,1727.95,
12/08/2011,231.7,231.7,226.75,226.75,23,12196.37,1261.01,8722.17,77.68,1.3398,1740.35,
12/09/2011,226.4,227.35,225.4,225.7,10,11997.7,1234.35,8664.58,77.69,1.3344,1709.75,
12/12/2011,225.5,226,224.65,224.65,14,12184.26,1255.19,8536.46,77.62,1.337,1712.45,
12/13/2011,224,224,218,218.5,53,12021.39,1236.47,8653.82,77.96,1.3163,1665.25,
12/14/2011,221,221,218.65,218.65,29,11954.94,1225.73,8552.81,77.97,1.3017,1629.65,
12/15/2011,219.25,219.25,213.5,215.1,8,11823.48,1211.82,8519.13,78.12,1.2985,1575.05,
12/16/2011,215,215,213.75,213.75,1,11868.81,1215.75,8377.37,77.85,1.3028,1576.35,
12/19/2011,213.4,214.25,210.95,210.95,11,11866.39,1219.66,8401.72,77.82,1.3035,1603.35,
07/03/2012,215.3,215.3,215.3,215.3,8,12871.39,1365.51,9003.48,79.45,1.2578,1595.25,
07/05/2012,177.65,184.2,177.65,183.35,6215,12943.82,1374.02,9104.17,79.95,1.2515,1615.55,
07/06/2012,183.35,189.75,179,183.25,8401,12896.67,1367.58,9079.8,79.87,1.2391,1606.85,
07/09/2012,182,184.1,178.7,179.4,3710,12772.47,1354.68,9020.75,79.5,1.2269,1578.55,
07/10/2012,178.8,185.45,178.25,185.25,2795,12736.29,1352.46,8896.88,79.57,1.2316,1587.45,
07/11/2012,184.7,189.35,183.1,187.35,4400,12653.12,1341.47,8857.73,79.36,1.2254,1570.85,
07/12/2012,186.1,194.85,185.55,187.55,5128,12604.53,1341.45,8851,79.61,1.2243,1576.35,
07/13/2012,187.2,187.2,181.5,185.05,4650,12573.27,1334.76,8720.01,79.33,1.2187,1567.85,
07/16/2012,185.1,190.85,185.1,189.2,6473,12777.09,1356.78,8724.12,79.18,1.2246,1590.45,
07/17/2012,189.45,191,186.3,187.15,4942,12727.21,1353.64,8724.12,78.84,1.2264,1590.05,
07/18/2012,186.7,187.5,182.35,185.05,4401,12805.54,1363.67,8755,79.09,1.2294,1583.75,
07/19/2012,185.2,186.4,180.6,185.1,4858,12908.7,1372.78,8726.74,78.8,1.2276,1573.15,
07/20/2012,185.05,191.95,185.05,191.55,6701,12943.36,1376.51,8795.55,78.75,1.2275,1583.45,
07/23/2012,191.5,193.55,188.85,189.6,5933,12822.57,1362.66,8669.87,78.47,1.2126,1580.85,
07/24/2012,188.75,189,185.85,187.65,3497,12721.46,1350.52,8508.32,78.29,1.2123,1576.75,
07/25/2012,186.65,187.95,176.7,178.3,7242,12617.32,1338.31,8488.09,78.12,1.206,1579.85,
07/26/2012,178.1,181.15,177,179.15,3772,12676.05,1337.89,8365.9,78.11,1.2138,1602.25,
07/27/2012,179.15,182.1,176.1,176.9,4867,12887.93,1360.02,8443.1,78.32,1.2277,1613.35,
07/30/2012,177,179.6,176,176.65,3991,13075.66,1385.97,8566.64,78.5,1.2301,1622.85,
07/31/2012,177,181.5,176,181.15,6709,13073.01,1385.3,8635.44,78.13,1.2259,1621.35,
08/01/2012,180.9,181.35,175.55,177.25,6249,13008.68,1379.32,8695.06,78.13,1.2291,1613.35,
08/02/2012,177.25,178.2,173.4,177.35,10382,12971.06,1375.14,8641.85,78.38,1.2238,1601.95,
08/03/2012,177.35,177.95,174,174.3,9908,12878.88,1365,8653.18,78.23,1.2177,1589.35,
08/06/2012,174.3,176.9,173.95,176.55,5035,13096.17,1390.99,8555.11,78.62,1.2426,1605.25,
08/07/2012,175.55,180.5,175.55,178.2,7318,13117.51,1394.23,8726.29,78.21,1.2387,1611.55,
08/08/2012,178.1,178.75,175.05,175.3,13732,13168.6,1401.35,8803.31,78.61,1.2383,1610.75,
08/09/2012,175.45,175.75,172.6,173.2,12900,13175.64,1402.22,8881.16,78.42,1.2371,1612.65,
08/10/2012,173.2,174.15,169.4,169.55,16762,13165.19,1402.8,8978.6,78.59,1.2292,1616.45,
08/13/2012,170.1,170.6,167.15,169.35,11975,13207.95,1405.87,8891.44,78.26,1.2273,1621.25,
08/14/2012,169.35,170.3,166,167.05,19294,13169.43,1404.11,8885.15,78.34,1.2325,1610.55,
08/15/2012,167.05,168.6,165.35,166,13565,13172.14,1403.93,8929.88,78.82,1.2322,1600.15,
08/16/2012,166.05,166.55,161.8,164.95,15464,13164.78,1405.53,8925.04,79.01,1.2287,1603.65,
08/17/2012,164.8,164.8,160.8,161.8,11307,13250.11,1415.51,9092.76,79.27,1.2356,1614.95,
08/20/2012,161.8,163.7,160.25,163.2,10772,13275.2,1418.16,9162.5,79.53,1.2331,1617.35,
08/21/2012,163.5,166.6,163.2,164.55,14638,13271.64,1418.13,9171.16,79.35,1.235,1619.55,
08/22/2012,164.6,166.15,163.9,164.2,11592,13203.58,1413.17,9156.92,79.25,1.2475,1637.75,
08/23/2012,163.85,164.05,161.05,162.1,14323,13172.76,1413.49,9131.74,78.55,1.2532,1655.55,
08/24/2012,162.4,163.25,161.25,161.85,9103,13057.46,1402.08,9178.12,78.59,1.2558,1668.95,
08/27/2012,162.15,164.5,161.25,162.9,7168,13157.97,1411.13,9070.76,78.75,1.2504,1674.05,
08/28/2012,164.5,167.7,164.5,167.35,9595,13124.67,1410.44,9085.39,78.76,1.25,1665.55,
08/29/2012,167.05,168.5,165.55,167.95,9555,13102.99,1409.3,9033.29,78.58,1.257,1666.95,
08/30/2012,168,169.1,165.75,166.65,6969,13107.48,1410.49,9069.81,78.73,1.2529,1656.55,
08/31/2012,166.4,168.35,162.5,163.4,13277,13000.71,1399.48,8983.78,78.54,1.2508,1654.95,
09/04/2012,164.1,167.45,162.5,164.75,11848,13090.84,1406.58,8783.89,78.34,1.2585,1692.35,
09/05/2012,165.65,167.9,164.5,165.3,12303,13035.94,1404.94,8775.51,78.48,1.2532,1692.55,
09/06/2012,165.3,166.35,160.35,160.6,15602,13047.48,1403.44,8679.82,78.43,1.2599,1691.95,
09/07/2012,161,162.75,156.55,158.2,20029,13292,1432.12,8680.57,78.89,1.2629,1698.75,
09/10/2012,159.6,163.7,158.5,163.05,13677,13306.64,1437.92,8871.65,78.23,1.2794,1736.15,
09/11/2012,163.7,174.35,163.25,173.65,21513,13254.29,1429.08,8869.37,78.24,1.276,1727.95,
09/12/2012,173.65,180,173.1,177.55,28543,13323.36,1433.56,8807.38,77.77,1.285,1733.85,
09/13/2012,176.95,178.9,176.65,177.5,13351,13333.35,1436.56,8959.96,77.83,1.2901,1732.15,
09/14/2012,177.05,181.3,175.8,178.85,12488,13539.86,1459.99,8995.15,77.66,1.2992,1768.25,
09/17/2012,179.55,183.7,179.55,181.1,13398,13593.37,1465.77,9159.39,78.34,1.3112,1774.25,
09/18/2012,181.15,183.55,174.1,175.65,17921,13553.1,1461.19,9159.39,78.68,1.3107,1760.55,
09/19/2012,175.15,178.45,171.65,177.5,15058,13564.64,1459.32,9123.77,78.77,1.3045,1768.65,
09/20/2012,178.05,179.1,172.35,174.4,11653,13577.96,1461.05,9232.21,78.4,1.3056,1771.65,
09/21/2012,174.2,174.5,168.3,168.6,17860,13596.93,1460.26,9086.98,78.21,1.2972,1769.45,
09/24/2012,168.6,173.8,168.6,173.3,10350,13579.47,1460.15,9110,78.13,1.2966,1770.15,
09/25/2012,171.8,172.75,167.65,172.3,11424,13558.92,1456.89,9069.29,77.87,1.2939,1764.75,
09/26/2012,172.45,174.85,171.55,173.65,7480,13457.55,1441.59,9091.54,77.74,1.2897,1760.75,
09/27/2012,173,173.25,169,169.45,9732,13413.51,1433.32,8906.7,77.69,1.2877,1754.75,
09/28/2012,169.6,174.65,169.45,174.3,10011,13485.97,1447.15,8949.87,77.62,1.2911,1777.35,
10/01/2012,174.25,175.2,170.25,173.5,11470,13437.13,1440.67,8870.16,77.96,1.2806,1765.65,
10/02/2012,172.85,178.95,172.15,178.05,13220,13515.11,1444.49,8796.51,78.05,1.2887,1777.15,
10/03/2012,178.1,184.55,177.95,183.65,21457,13482.36,1445.75,8786.05,78.22,1.291,1772.95,
10/04/2012,181.5,185.45,180.5,181.05,17935,13494.61,1450.99,8746.87,78.45,1.2921,1780.05,
10/05/2012,181.05,183.8,173.4,175.05,18968,13575.36,1461.4,8824.59,78.52,1.3011,1792.55,
10/08/2012,175.05,176.55,167.7,168.1,17826,13610.15,1460.93,8863.3,78.71,1.3014,1778.85,
10/09/2012,167.8,169.4,166.35,169.1,9746,13583.65,1455.88,8863.3,78.29,1.2974,1777.55,
10/10/2012,168.5,170,164.1,165.3,21034,13473.53,1441.48,8769.59,78.24,1.2974,1762.55,
10/11/2012,166.65,166.95,163.3,163.45,14360,13344.97,1432.56,8596.23,78.08,1.2858,1761.35,
10/12/2012,163.3,163.7,160.3,160.75,15844,13326.39,1432.84,8546.78,78.41,1.2928,1769.15,
10/15/2012,161.1,163.1,159.7,161.7,10778,13328.85,1428.59,8534.12,78.48,1.2933,1742.35,
10/16/2012,161.7,162.75,159.5,160.85,10287,13424.23,1440.13,8577.93,78.79,1.2966,1735.95,
10/17/2012,161.5,163.45,160.35,162.8,9434,13551.78,1454.92,8701.31,78.86,1.3105,1749.35,
10/18/2012,163,163.35,159.6,161.5,9481,13557,1460.91,8806.55,79.06,1.3113,1748.05,
10/19/2012,161.1,161.55,157.15,158.6,13060,13548.94,1457.34,8982.86,79.32,1.3069,1741.95,
10/22/2012,158.65,162.85,158.15,161.65,12752,13343.51,1433.19,9002.68,79.26,1.3021,1717.45,
10/23/2012,162.5,165.7,161.4,164.5,12469,13345.89,1433.82,9010.71,79.99,1.3071,1727.65,
10/24/2012,164.1,164.1,160.25,160.85,8733,13102.53,1413.11,9014.25,79.83,1.2974,1710.75,
10/25/2012,160.85,162.3,158.7,159.8,9921,13077.34,1408.75,8954.3,79.85,1.2965,1704.95,
10/26/2012,160.5,161.9,159.2,161,8354,13103.68,1412.97,9055.2,80.22,1.2939,1713.55,
10/29/2012,161,161.45,156.9,157.75,11212,13107.21,1411.94,8933.06,79.65,1.2922,1713.85,
10/30/2012,157.75,161.8,156.3,161.65,15869,13107.21,1411.94,8929.34,79.78,1.2907,1708.05,
10/31/2012,162,162.75,156.55,157.2,10037,13107.21,1411.94,8841.98,79.68,1.2961,1711.05,
11/01/2012,157.05,158.85,154.4,154.65,17514,13096.46,1412.16,8928.29,79.86,1.2965,1719.85,
11/02/2012,154.65,156.4,152.8,153.45,11666,13232.62,1427.59,8946.87,80.22,1.2947,1715.85,
11/05/2012,155,155.45,153.15,154.7,11980,13093.16,1414.2,9051.22,80.51,1.2824,1681.85,
11/06/2012,154.7,154.7,150.8,150.9,14643,13112.44,1417.26,9007.44,80.17,1.28,1685.65,
11/07/2012,151,152.5,150.35,150.6,10694,13245.68,1428.39,8975.15,80.29,1.2807,1711.15,
11/08/2012,151,154,150.7,151.2,16886,12932.73,1394.53,8972.89,79.98,1.2756,1716.75,
11/09/2012,151.5,153.2,149.9,151.4,26349,12811.32,1377.51,8837.15,79.49,1.2741,1731.85,
11/12/2012,151.95,152.35,149.6,149.9,18381,12815.39,1379.85,8757.6,79.47,1.2721,1734.75,
11/13/2012,151.15,154.4,151.15,153.05,26513,12815.08,1380.03,8676.44,79.61,1.2706,1726.55,
11/14/2012,153,153,145.75,146,18123,12756.18,1374.53,8661.05,79.46,1.271,1726.35,
11/15/2012,146.5,148.7,146.5,147.7,10901,12570.95,1355.49,8664.73,80.2,1.273,1724.45,
11/16/2012,148.25,149.35,144.5,149,8556,12542.38,1353.33,8829.72,81.13,1.2782,1715.55,
11/19/2012,148.6,149,146.5,147.3,5879,12588.31,1359.88,9024.16,81.56,1.2759,1717.65,
11/20/2012,147.55,151.8,147.55,151.4,11016,12795.96,1386.89,9153.2,81.37,1.2767,1730.25,
11/21/2012,150.65,151,143.2,143.75,12735,12788.51,1387.81,9142.64,81.74,1.2813,1726.75,
11/23/2012,144,145.85,142.9,144.8,774,12836.89,1391.03,9366.8,82.37,1.2874,1730.05,
11/26/2012,144.9,144.9,142,142.15,136,13009.68,1409.15,9366.8,82.56,1.2973,1750.65,
11/27/2012,142.45,142.45,132.25,139.9,238,12967.37,1406.29,9388.94,81.88,1.2988,1749.75,
11/28/2012,137.15,142,137.1,139.8,66,12878.13,1398.94,9423.3,82.09,1.2938,1742.15,
11/29/2012,138.25,144.7,137.35,144.65,46,12985.11,1409.93,9308.35,82.16,1.2951,1722.45,
11/30/2012,146.65,148.15,144.5,146.15,11,13021.82,1415.95,9400.88,82.15,1.2972,1725.95,
12/03/2012,146.65,146.65,141.35,142.1,18,13025.58,1416.18,9446.01,82.47,1.2996,1715.05,
12/04/2012,140.1,142,140.1,141.7,19,12965.6,1409.46,9458.18,82.15,1.3064,1716.25,
12/05/2012,138.9,138.9,137.35,137.35,17,12951.78,1407.05,9432.46,81.84,1.3099,1695.25,
12/06/2012,140.2,140.2,139.25,139.6,6,13034.49,1409.28,9468.84,82.44,1.3071,1692.35,
12/07/2012,140.45,140.45,140.45,140.45,6,13074.04,1413.94,9545.16,82.45,1.2961,1700.05,
12/10/2012,140.5,142.25,140.1,142.1,9,13155.13,1418.07,9527.39,82.57,1.2907,1703.55,
12/11/2012,142,142,138.1,138.1,4,13169.88,1418.55,9533.75,82.36,1.2937,1711.65,
12/12/2012,141.15,141.15,141.15,141.15,1,13248.44,1427.84,9525.32,82.53,1.3012,1709.25,
12/13/2012,140.15,141.25,138.15,138.15,10,13245.45,1428.48,9581.46,83.22,1.3066,1709.15,
12/14/2012,135.25,135.25,135.25,135.25,10,13170.72,1419.45,9742.73,83.67,1.3077,1696.75,
12/17/2012,136.6,137.4,136.6,137.4,11,13135.01,1413.58,9737.56,84.15,1.3166,1695.35,
12/18/2012,137.95,138.25,137.95,137.95,2,13235.39,1430.36,9828.88,83.92,1.3162,1697.25,
05/17/2013,133.5,133.5,133.5,133.5,3,15233.22,1650.47,15037.24,102.14,1.2884,1387.24,
05/20/2013,146.15,146.5,142.35,142.5,1287,15354.4,1667.47,15138.12,102.73,1.2832,1348.46,
05/21/2013,142.15,142.3,139.65,140.85,2397,15335.28,1666.29,15360.81,102.16,1.2891,1388.99,
05/22/2013,141.25,141.25,137.95,138.5,2974,15387.58,1669.16,15381.02,102.44,1.2919,1377.28,
05/23/2013,139.85,139.85,134.25,134.35,4387,15307.17,1655.35,15627.26,103.19,1.2842,1363.48,
05/24/2013,134.6,137.25,133.9,135.95,3251,15294.5,1650.51,14483.98,102.42,1.2922,1388.23,
05/28/2013,136.6,136.6,132.75,133.1,2453,15303.1,1649.6,14142.65,101.11,1.2934,1396.35,
05/29/2013,134.4,134.4,131.7,132,3595,15409.39,1660.06,14311.98,102.52,1.2845,1380.81,
05/30/2013,132.45,133.2,131.25,132.9,2634,15302.8,1648.36,14326.46,100.94,1.2947,1392.54,
05/31/2013,132.95,133.3,130.9,131.35,2481,15324.53,1654.41,13589.03,101.11,1.3042,1415.25,
06/03/2013,131.6,133.3,130.6,132.6,2318,15115.57,1630.74,13774.54,100.5,1.2994,1394.65,
06/04/2013,132.5,134.65,131.15,134.4,3997,15254.03,1640.42,13261.82,99.73,1.3071,1412.64,
06/05/2013,134.4,134.4,132.4,133.1,3008,15177.54,1631.38,13533.76,100.28,1.3072,1398.79,
06/06/2013,132.95,134.8,131.55,133,3192,14960.59,1608.9,13014.87,99.02,1.3087,1401.72,
06/07/2013,133,135.25,132.65,134.75,3818,15040.62,1622.56,12904.02,97.36,1.3242,1411.93,
06/10/2013,135.1,135.1,131.85,132.45,3189,15248.12,1643.38,12877.53,98.36,1.3202,1384.53,
06/11/2013,131.85,134.4,131.4,134.3,2611,15238.59,1642.81,13514.2,98.9,1.3254,1384.31,
06/12/2013,134,134.15,131.4,132.95,6093,15122.02,1626.13,13317.62,96.25,1.3313,1377.65,
06/13/2013,132.5,133.3,126.25,127.8,6726,14995.23,1612.52,13289.32,95.48,1.3344,1386.39,
06/14/2013,127.6,129.05,126.55,128.75,6121,15176.08,1636.36,12445.38,95.58,1.3358,1385.88,
06/17/2013,128.95,129.7,126.9,127.25,4345,15070.18,1626.73,12686.52,94.33,1.3355,1390.36,
06/18/2013,127.4,128.9,126,126.45,5151,15179.85,1639.04,13033.12,94.58,1.3362,1384.66,
06/19/2013,126.45,127.8,125.5,126.7,5091,15318.23,1651.81,13007.28,95.58,1.3394,1369.31,
06/20/2013,127,128.35,126.7,127.6,2508,15112.19,1628.93,13245.22,96.58,1.3281,1346.45,
06/21/2013,127.25,127.25,120.5,121.5,6023,14758.32,1588.19,13014.58,97.02,1.3228,1274.53,
06/24/2013,123.2,125.2,122.25,122.35,3080,14799.4,1592.43,13230.13,98.39,1.3107,1300.47,
06/25/2013,122.1,124.15,121.95,123.2,2770,14659.56,1573.09,13062.78,97.62,1.3135,1284.15,
06/26/2013,123.2,124.4,121.8,123.5,3644,14760.31,1588.03,12969.34,98.17,1.3076,1274.88,
06/27/2013,122.95,124.25,121.15,121.55,6269,14910.14,1603.26,12834.01,97.66,1.3016,1228.5,
06/28/2013,122,125.75,121.75,124.9,3953,15024.49,1613.2,13213.55,98.5,1.3036,1205.51,
07/01/2013,125.15,125.6,121.4,123.35,2428,14909.6,1606.28,13677.32,99.45,1.3009,1239.84,
07/02/2013,122.75,125.45,122.65,124.65,4343,14974.96,1614.96,13852.5,99.62,1.3068,1252.64,
07/03/2013,124.8,127.7,124.75,127.3,3709,14932.41,1614.08,14098.74,100.77,1.2975,1245.02,
07/05/2013,127.05,127.05,123.05,124.4,6021,14988.55,1615.41,14018.93,100.25,1.2892,1248.12,
07/08/2013,124.4,125.55,123.2,124.25,2594,15135.84,1631.89,14309.97,101.48,1.2812,1218.97,
07/09/2013,123.2,126.95,123.1,126.3,5197,15224.69,1640.46,14109.34,100.94,1.286,1233.89,
07/10/2013,125.8,127.7,123.15,125.1,8019,15300.34,1652.32,14472.9,101.19,1.2776,1249.08,
07/11/2013,124.9,126.5,124.1,124.5,5461,15291.66,1652.62,14416.6,99.02,1.3116,1283.26,
07/12/2013,125.1,127.1,125,126.15,5253,15460.92,1675.02,14472.58,98.83,1.3087,1285.87,
07/15/2013,126.2,127.1,121.5,122.2,6102,15464.3,1680.19,14506.25,99.2,1.3061,1289.63,
07/16/2013,122.1,126.65,121.45,125.85,4054,15484.26,1682.5,14506.25,99.95,1.3058,1282.79,
07/17/2013,126.05,128.95,125.75,128.25,7729,15451.85,1676.26,14599.12,99.11,1.3148,1290.75,
07/18/2013,127.55,131.3,127.45,130.05,7527,15470.52,1680.91,14615.04,99.58,1.3116,1277.33,
07/19/2013,129.5,135.8,128.85,129.8,10427,15548.54,1689.37,14808.5,100.56,1.3109,1284.92,
07/22/2013,130.15,132.4,124.25,125.15,7881,15543.74,1692.09,14589.91,100.39,1.3158,1313.43,
07/23/2013,125.65,128.05,125.25,127.85,6788,15545.55,1695.53,14658.04,99.31,1.3191,1334.69,
07/24/2013,128.25,129,125.95,128.75,8034,15567.74,1692.39,14778.51,99.52,1.3221,1343.31,
07/25/2013,128.4,128.95,123.6,123.95,7370,15542.24,1685.94,14731.28,100.41,1.3191,1318.93,
07/26/2013,124.35,127.55,123.6,127.3,4860,15555.61,1690.25,14562.93,99.25,1.3274,1335.69,
07/29/2013,127,128.15,124.15,124.25,9458,15558.83,1691.65,14129.98,97.96,1.3287,1331.08,
07/30/2013,124,125.35,122.1,123.45,5598,15521.97,1685.33,13661.13,98.05,1.3263,1326.39,
07/31/2013,123.5,125,122.6,122.95,7877,15520.59,1685.96,13869.82,98.01,1.3266,1327.98,
08/01/2013,123.25,123.4,120.3,121.3,8152,15499.54,1685.73,13668.32,97.84,1.33,1326.26,
08/02/2013,121.45,122.1,118.15,118.35,7342,15628.02,1706.87,14005.77,99.42,1.3212,1307.39,
08/05/2013,118.65,121.2,118.65,121.05,9783,15658.36,1709.67,14466.16,98.94,1.3278,1312.56,
08/06/2013,120.55,123.8,120.55,122.5,8959,15612.13,1707.14,14258.04,98.25,1.3258,1303.96,
08/07/2013,121.9,122,119.95,120.7,14052,15518.74,1697.37,14401.06,97.34,1.3308,1282.29,
08/08/2013,120.85,124.2,120.6,123.8,15026,15470.67,1690.91,13824.94,96.56,1.334,1284.99,
08/09/2013,123.75,126.2,123.1,124.8,14625,15498.32,1697.48,13605.56,96.77,1.3379,1312.85,
08/12/2013,124.7,126.8,124.05,125.6,18462,15425.51,1691.42,13615.19,96.06,1.3338,1329.24,
08/13/2013,125.45,127,124.75,126.1,16469,15419.68,1689.47,13519.43,97.19,1.3292,1333.1,
08/14/2013,126.1,126.75,121.5,123,31154,15451.01,1694.16,13867,98.15,1.3265,1321.47,
08/15/2013,123.15,126.8,123.1,125.3,30033,15337.66,1685.39,14050.16,97.78,1.3264,1342.78,
08/16/2013,124.8,125.4,122.2,124.7,19724,15112.19,1661.32,13752.94,97.08,1.3351,1363.11,
08/19/2013,124.6,125.2,123.05,123.65,11693,15081.47,1655.83,13650.11,97.67,1.3329,1376.88,
08/20/2013,123.05,124.25,122.05,122.75,15806,15010.74,1646.06,13758.13,97.61,1.3334,1367.53,
08/21/2013,122.45,122.5,118.65,118.8,25702,15002.99,1652.35,13396.38,97.33,1.342,1368.9,
08/22/2013,118.85,119.7,117,117.15,20091,14897.55,1642.8,13424.33,97.81,1.3341,1358.75,
08/23/2013,117.15,118,116.35,117.05,9278,14963.74,1656.96,13365.17,98.88,1.3356,1374.83,
08/26/2013,116.9,117.9,116.35,117.05,7198,15010.51,1663.5,13660.55,98.72,1.3387,1396.31,
08/27/2013,118.1,118.9,117.25,117.75,6953,14946.46,1656.78,13636.28,98.28,1.3378,1403.08,
08/28/2013,117.05,117.75,116.6,116.75,12546,14776.13,1630.48,13542.37,96.89,1.3391,1418.76,
08/29/2013,116.75,118.95,116.65,118.45,8349,14824.51,1634.96,13338.46,97.75,1.3335,1417.94,
08/30/2013,118.45,118.8,116.8,117.65,8911,14840.95,1638.17,13459.71,98.31,1.3237,1404.4,
09/03/2013,117.4,118.2,116.1,116.3,8977,14810.31,1632.97,13572.92,99.58,1.319,1394.03,
09/04/2013,116.3,119.25,116.2,117.2,12202,14833.96,1639.77,13978.44,99.56,1.3172,1411.5,
09/05/2013,117.45,118.5,116.65,116.85,9221,14930.87,1653.08,14053.87,99.73,1.3199,1393.7,
09/06/2013,116.75,117.4,115.25,116.85,13363,14937.48,1655.08,14064.82,100.11,1.3119,1369.22,
09/09/2013,116.9,118.85,116.9,117.85,9188,14922.5,1655.17,13860.81,100.02,1.3172,1389.03,
09/10/2013,117.5,119.05,116.9,118.05,9653,15063.12,1671.71,14205.23,99.72,1.3256,1386.88,
09/11/2013,117.85,118.9,115.7,116.65,11862,15191.06,1683.99,14423.36,100.29,1.3268,1366.18,
09/12/2013,117.25,121.1,116.7,120.8,21825,15326.6,1689.13,14425.07,99.8,1.3314,1365.06,
09/13/2013,120.85,121.05,117.85,120.6,17149,15300.64,1683.42,14387.27,99.58,1.3298,1327.37,
09/16/2013,120.6,121,119.4,120,7258,15376.06,1687.99,14404.67,99,1.3358,1330.09,
09/17/2013,120,120.75,118.5,119.25,8323,15494.78,1697.6,14404.67,99.1,1.3336,1313.2,
09/18/2013,118.85,119.2,114.25,114.95,21864,15529.73,1704.76,14311.67,99.16,1.3356,1306.9,
09/19/2013,114.95,115.95,113.95,114.9,11128,15676.94,1725.52,14505.36,98.19,1.3523,1368.13,
09/20/2013,116,116.7,115.3,115.8,11273,15636.55,1722.34,14766.18,99.4,1.3534,1365.78,
09/23/2013,115.6,115.9,114.2,114.65,7351,15451.09,1709.91,14742.42,99.3,1.3534,1330,
09/24/2013,114.65,117.45,114.65,117.05,11660,15401.38,1701.84,14742.42,98.73,1.3496,1327.01,
09/25/2013,117.05,118.4,117,117.85,9011,15334.59,1697.42,14732.61,98.72,1.3474,1325.35,
09/26/2013,117.5,119.2,117.05,117.25,13324,15273.26,1692.77,14620.53,98.44,1.3518,1332.24,
09/27/2013,117.2,117.45,114.8,115.65,12348,15328.3,1698.67,14799.12,98.92,1.3487,1324.33,
09/30/2013,115.8,115.9,113.5,113.7,10421,15258.24,1691.75,14760.07,97.81,1.3495,1336.74,
10/01/2013,113.65,114.8,113.5,113.7,9718,15129.67,1681.55,14455.8,98.38,1.3523,1328.8,
10/02/2013,113.9,114.7,113.2,114.1,10135,15191.7,1695,14484.72,97.94,1.3523,1289.03,
10/03/2013,114.5,115.5,114.1,114.45,8327,15133.14,1693.87,14170.49,97.36,1.359,1315.11,
10/04/2013,114.45,116.2,114.2,115.35,10385,14996.48,1678.66,14157.25,97.25,1.3623,1316.78,
10/07/2013,115.15,116,113.9,114.4,6885,15072.58,1690.5,14024.31,97.28,1.3568,1313.85,
10/08/2013,114.4,114.75,113.5,114.5,5977,14936.24,1676.12,13853.32,96.69,1.3581,1323.27,
10/09/2013,114.4,115.35,113.85,115.05,6838,14776.53,1655.45,13894.61,96.92,1.3599,1320.48,
10/10/2013,114.75,115.8,114.45,115.25,8035,14802.98,1656.4,14037.84,97.5,1.3519,1303.06,
10/11/2013,115.15,117.95,114.15,114.4,22633,15126.07,1692.56,14194.71,98.25,1.3526,1288.07,
10/14/2013,114.35,116.95,114.25,116.7,10739,15237.11,1703.2,14404.74,98.33,1.3556,1273.07,
10/15/2013,116.7,117.5,116.15,117,5812,15301.26,1710.14,14404.74,98.64,1.3556,1272.3,
10/16/2013,117,117.65,115.1,116.45,11788,15168.01,1698.06,14441.54,98.58,1.3521,1275.38,
10/17/2013,116.5,117.5,115.65,115.85,10839,15373.83,1721.54,14467.14,98.97,1.3522,1281.2,
10/18/2013,116.05,116.35,114.25,114.7,9211,15371.65,1733.15,14586.51,98,1.3668,1316.02,
10/21/2013,114.4,115.1,114.05,114.65,8281,15399.65,1744.5,14561.54,97.96,1.3682,1317.62,
10/22/2013,114.4,114.7,112.3,112.7,16114,15392.2,1744.66,14693.57,98.2,1.3673,1315.7,
10/23/2013,113.35,113.35,111.85,111.95,8812,15467.66,1754.67,14713.25,98.14,1.3778,1339.5,
10/24/2013,111.85,112.5,110.5,110.55,11267,15413.33,1746.38,14426.05,97.43,1.3778,1332.44,
10/25/2013,110.5,111.85,109.5,110.3,15490,15509.21,1752.07,14486.41,97.39,1.3802,1346.81,
10/28/2013,110.3,111.45,108.8,109.1,15159,15570.28,1759.77,14088.19,97.6,1.3804,1349.1,
10/29/2013,109,109.2,106.9,107.55,16301,15568.93,1762.11,14396.04,97.64,1.3788,1353.3,
10/30/2013,106.6,107.85,106.6,106.95,10981,15680.35,1771.95,14325.98,98.19,1.3742,1343.55,
10/31/2013,107.05,107.8,106.65,106.85,12072,15618.76,1763.31,14502.35,98.47,1.3723,1338.58,
11/01/2013,107,107.3,105.25,105.4,16834,15545.75,1756.54,14327.94,98.33,1.3579,1323.29,
11/04/2013,105.4,106.05,104.25,105.55,13386,15615.55,1761.64,14201.57,98.71,1.3492,1314.18,
11/05/2013,105.6,106.2,103.35,103.7,17858,15639.12,1767.93,14201.57,98.63,1.3516,1315.24,
11/06/2013,103.7,104.15,102.85,103.45,17575,15618.22,1762.97,14225.37,98.47,1.3472,1312.73,
11/07/2013,103.5,103.75,101,101.5,17881,15746.88,1770.49,14337.31,98.66,1.3518,1317.95,
11/08/2013,101.5,105.2,100.95,103.95,28046,15593.98,1747.15,14228.44,98.17,1.3409,1309.68,
11/11/2013,103.8,104.7,102.85,104.05,19303,15761.78,1770.6,14086.8,99.21,1.3346,1287.3,
11/12/2013,104.1,106.95,103.05,103.25,32463,15783.1,1771.89,14269.84,99.16,1.3408,1282.51,
11/13/2013,103.5,106,103.25,105.8,33879,15750.67,1767.69,14588.68,99.57,1.3438,1267.63,
11/14/2013,105.8,106.35,102.5,103.05,20041,15821.63,1782,14567.16,99.24,1.3484,1285.22,
11/15/2013,103.1,104.45,102.15,102.6,25735,15876.22,1790.62,14876.41,100.22,1.3446,1287.13,
