Date,Open,High,Low,Close
11/15/2013,100.22,100.43,99.94,100.19
11/14/2013,99.24,100.26,99.14,100.22
11/13/2013,99.57,99.66,99.11,99.24
11/12/2013,99.16,99.8,99.15,99.57
11/11/2013,99.21,99.3,98.92,99.16
11/10/2013,99.08,99.27,99.08,99.21
11/8/2013,98.17,99.22,97.98,99.08
11/7/2013,98.66,99.41,97.65,98.17
11/6/2013,98.47,98.76,98.41,98.66
11/5/2013,98.64,98.64,98.17,98.47
11/4/2013,98.71,98.84,98.54,98.63
11/3/2013,98.7,98.83,98.67,98.71
11/1/2013,98.33,98.85,97.81,98.7
10/31/2013,98.47,98.51,98.09,98.33
10/30/2013,98.19,98.67,98.06,98.47
10/29/2013,97.64,98.28,97.47,98.19
10/28/2013,97.6,97.79,97.44,97.64
10/27/2013,97.4,97.78,97.4,97.6
10/25/2013,97.39,97.5,96.94,97.4
10/24/2013,97.43,97.61,97.17,97.39
10/23/2013,98.14,98.19,97.16,97.43
10/22/2013,98.2,98.48,97.88,98.14
10/21/2013,97.95,98.25,97.92,98.2
10/20/2013,97.78,97.96,97.78,97.96
10/18/2013,98,98.16,97.56,97.78
10/17/2013,98.99,99,97.75,98
10/16/2013,98.57,98.98,98.25,98.97
10/15/2013,98.64,98.7,98,98.58
10/14/2013,98.33,98.7,98.09,98.64
10/13/2013,98.56,98.56,98.14,98.33
10/11/2013,98.23,98.6,98.19,98.56
10/10/2013,97.5,98.33,97.47,98.25
10/9/2013,96.92,97.64,96.92,97.5
10/8/2013,96.69,97.25,96.67,96.92
10/7/2013,97.28,97.28,96.57,96.69
10/6/2013,97.23,97.34,97.14,97.28
10/4/2013,97.25,97.48,96.95,97.46
10/3/2013,97.36,97.88,96.94,97.25
10/2/2013,97.94,98.08,97.15,97.36
10/1/2013,98.38,98.72,97.66,97.94
9/30/2013,97.81,98.5,97.5,98.38
9/29/2013,98.24,98.24,97.62,97.81
9/27/2013,98.92,98.98,98.1,98.24
9/26/2013,98.44,99.14,98.27,98.92
9/25/2013,98.72,98.81,98.39,98.44
9/24/2013,98.74,99.17,98.47,98.72
9/23/2013,99.3,99.3,98.66,98.73
9/22/2013,99.37,99.37,99.21,99.3
9/20/2013,99.4,99.67,99.17,99.37
9/19/2013,98.19,99.62,97.99,99.4
9/18/2013,99.16,99.33,97.77,98.19
9/17/2013,99.1,99.39,99.06,99.16
9/16/2013,99,99.19,98.64,99.1
9/15/2013,99.36,99.36,98.5,99
9/13/2013,99.57,99.97,99.19,99.36
9/12/2013,99.8,99.9,99.02,99.58
9/11/2013,100.3,100.61,99.72,99.8
9/10/2013,99.72,100.46,99.48,100.29
9/9/2013,100.01,100.06,99.33,99.72
9/8/2013,99.11,100.11,99.11,100.02
9/6/2013,100.11,100.12,98.55,99.11
9/5/2013,99.73,100.23,99.58,100.11
9/4/2013,99.56,99.83,99.33,99.73
9/3/2013,99.56,99.86,99.17,99.56
9/2/2013,98.39,99.67,98.36,99.58
9/1/2013,98.13,98.47,98.13,98.39
8/30/2013,98.31,98.47,97.89,98.13
8/29/2013,97.75,98.52,97.46,98.31
8/28/2013,96.89,97.83,96.88,97.75
8/27/2013,98.28,98.36,96.82,96.89
8/26/2013,98.72,98.84,98.19,98.28
8/25/2013,98.73,98.82,98.57,98.72
8/23/2013,98.88,99.15,98.39,98.73
8/22/2013,97.81,98.92,97.75,98.88
8/21/2013,97.33,97.98,97.12,97.81
8/20/2013,97.61,97.86,96.92,97.33
8/19/2013,97.67,98.12,97.36,97.61
8/18/2013,97.61,97.75,97.53,97.67
8/16/2013,97.06,97.78,97.06,97.61
8/15/2013,97.78,98.64,97.06,97.08
8/14/2013,98.14,98.43,97.78,97.78
8/13/2013,97.19,98.34,97.14,98.15
8/12/2013,96.06,97.31,95.98,97.19
8/11/2013,96.25,96.39,95.93,96.06
8/9/2013,96.77,96.95,96.13,96.25
8/8/2013,96.57,96.94,95.81,96.77
8/7/2013,97.35,97.53,96.33,96.56
8/6/2013,98.25,98.58,97.11,97.34
8/5/2013,98.92,99.15,98.19,98.25
8/4/2013,98.95,99.06,98.88,98.94
8/2/2013,99.44,99.95,98.67,98.95
8/1/2013,97.84,99.58,97.66,99.42
7/31/2013,98.02,98.53,97.58,97.84
7/30/2013,98.05,98.47,97.76,98.01
7/29/2013,97.97,98.2,97.64,98.05
7/28/2013,98.3,98.34,97.78,97.96
7/26/2013,99.25,99.36,97.96,98.3
7/25/2013,100.41,100.42,98.89,99.25
7/24/2013,99.52,100.45,99.42,100.41
7/23/2013,99.33,100.19,99.15,99.52
7/22/2013,100.38,100.38,99.24,99.31
7/21/2013,100.42,100.62,100.19,100.39
7/19/2013,100.56,100.86,99.81,100.61
7/18/2013,99.58,100.66,99.47,100.56
7/17/2013,99.11,99.94,99.05,99.58
7/16/2013,99.95,100.03,98.9,99.11
7/15/2013,99.2,100.48,99.08,99.95
7/14/2013,99.25,99.39,99.16,99.2
7/12/2013,98.83,99.69,98.67,99.25
7/11/2013,99,99.62,98.28,98.83
7/10/2013,101.17,101.19,98.28,99.02
7/9/2013,100.94,101.3,100.84,101.19
7/8/2013,101.5,101.5,100.78,100.94
7/7/2013,101.25,101.53,101.23,101.48
7/5/2013,100.25,101.22,99.89,101.17
7/4/2013,99.81,100.33,99.5,100.25
7/3/2013,100.77,100.83,99.26,99.81
7/2/2013,99.62,100.86,99.52,100.77
7/1/2013,99.44,99.86,99.19,99.62
6/30/2013,99.17,99.55,99.17,99.45
6/28/2013,98.5,99.45,98.47,99.17
6/27/2013,97.64,98.61,97.56,98.5
6/26/2013,98.17,98.17,97.25,97.66
6/25/2013,97.62,98.23,96.97,98.17
6/24/2013,98.39,98.7,97.22,97.62
6/23/2013,97.84,98.5,97.84,98.39
6/21/2013,97.03,98.14,96.92,97.84
6/20/2013,96.58,98.28,96.2,97.02
6/19/2013,95.59,97.02,94.83,96.58
6/18/2013,94.56,95.77,94.53,95.58
6/17/2013,94.33,95.22,94.24,94.58
6/16/2013,94.17,94.44,94.12,94.33
6/14/2013,95.57,95.57,93.99,94.17
6/13/2013,95.48,95.81,93.8,95.58
6/12/2013,96.25,97.02,95.14,95.48
6/11/2013,98.91,98.98,96.47,96.25
6/10/2013,98.36,99.28,97.71,98.9
6/9/2013,97.53,98.42,97.53,98.36
6/7/2013,97.36,97.78,95,97.53
6/6/2013,99.02,99.47,95.91,97.36
6/5/2013,100.28,100.47,98.86,99.02
6/4/2013,99.73,100.42,99.33,100.28
6/3/2013,100.5,100.72,98.86,99.73
6/2/2013,100.51,100.64,100.39,100.5
5/31/2013,101.11,101.28,100.22,100.42
5/30/2013,100.95,101.81,100.47,101.11
5/29/2013,102.53,102.53,100.72,100.94
5/28/2013,101.11,102.52,101.11,102.52
5/27/2013,101.11,101.23,100.75,101.11
5/26/2013,101.28,101.3,100.97,101.09
5/24/2013,102.42,102.58,100.67,101.28
5/23/2013,103.19,103.56,100.83,102.42
5/22/2013,102.44,103.73,102.36,103.19
5/21/2013,102.16,102.89,102.16,102.44
5/20/2013,102.73,102.91,102.08,102.16
5/19/2013,103.19,103.19,102.07,102.73
5/17/2013,102.14,103.31,102.11,103.19
5/16/2013,102.22,102.69,101.83,102.14
5/15/2013,102.19,102.77,101.86,102.25
5/14/2013,101.68,102.44,101.27,102.19
5/13/2013,101.94,102.05,101.52,101.68
5/12/2013,101.62,102.16,101.62,101.94
5/10/2013,100.83,101.98,100.73,101.62
5/9/2013,98.89,100.86,98.65,100.83
5/8/2013,98.78,99.16,98.58,98.89
5/7/2013,99.36,99.39,98.66,98.8
5/6/2013,99.11,99.45,99.06,99.37
5/5/2013,99.03,99.2,99.03,99.11
5/3/2013,97.94,99.27,97.94,99.03
5/2/2013,97.14,98.39,97.09,97.94
5/1/2013,97.28,97.67,97.03,97.14
4/30/2013,97.89,98.12,97.02,97.28
4/29/2013,97.86,98.2,97.36,97.89
4/28/2013,98.08,98.08,97.69,97.86
4/26/2013,99.34,99.38,97.56,98.08
4/25/2013,99.43,99.56,98.99,99.34
4/24/2013,99.66,99.77,99.19,99.43
4/23/2013,99.2,99.71,98.48,99.66
4/22/2013,99.81,99.89,98.98,99.19
4/21/2013,99.53,99.89,99.53,99.82
4/19/2013,98.21,99.69,98.11,99.53
4/18/2013,98.06,98.53,97.64,98.22
4/17/2013,97.62,98.44,97.22,98.07
4/16/2013,96.81,98.16,96.59,97.62
4/15/2013,98.44,98.72,95.83,96.81
4/14/2013,98.37,98.59,98.19,98.44
4/12/2013,99.64,99.73,98.1,98.37
4/11/2013,99.68,99.94,99.11,99.64
4/10/2013,98.98,99.88,98.92,99.69
4/9/2013,99.33,99.5,98.59,98.98
4/8/2013,98.8,99.66,98.31,99.33
4/7/2013,97.53,98.85,97.53,98.8
4/5/2013,96.42,97.83,95.78,97.53
4/4/2013,92.86,96.47,92.73,96.43
4/3/2013,93.33,93.69,92.72,92.86
4/2/2013,93.18,93.56,92.57,93.35
4/1/2013,94.28,94.36,93.06,93.19
3/31/2013,94.22,94.38,94.22,94.28
3/29/2013,94.18,94.28,93.95,94.22
3/28/2013,94.33,94.44,93.88,94.18
3/27/2013,94.64,94.91,94.03,94.32
3/26/2013,93.94,94.7,93.88,94.64
3/25/2013,94.84,94.96,93.54,93.94
3/24/2013,94.48,94.91,94.37,94.84
3/22/2013,94.92,95.06,94.2,94.48
3/21/2013,95.94,96.03,94.57,94.92
3/20/2013,95.06,96.14,94.83,95.95
3/19/2013,95.36,95.75,94.73,95.06
3/18/2013,94.9,95.6,94.31,95.36
3/17/2013,95.31,95.31,94.09,94.9
3/15/2013,95.94,96.28,95.08,95.31
3/14/2013,96.03,96.59,95.69,95.94
3/13/2013,95.83,96.25,95.45,96.03
3/12/2013,96.64,96.69,95.64,95.84
3/11/2013,96.19,96.72,95.97,96.64
3/10/2013,96.04,96.25,95.94,96.19
3/8/2013,94.9,96.56,94.84,96.04
3/7/2013,93.93,95.09,93.8,94.9
3/6/2013,93.29,94.11,93.01,93.94
3/5/2013,93.42,93.53,92.92,93.29
3/4/2013,93.56,93.72,93.17,93.42
3/3/2013,93.54,93.66,93.36,93.56
3/1/2013,92.58,93.69,92.44,93.54
2/28/2013,92.32,92.85,92.02,92.58
2/27/2013,92.11,92.44,91.14,92.33
2/26/2013,92.36,92.75,91.14,92.11
2/25/2013,94.23,94.31,90.91,92.36
2/24/2013,93.36,94.5,93.36,94.23
2/22/2013,93.15,93.51,92.93,93.36
2/21/2013,93.67,93.86,92.78,93.15
2/20/2013,93.71,94.03,93.14,93.67
2/19/2013,93.61,93.92,93.3,93.71
2/18/2013,93.77,94.22,93.57,93.61
2/17/2013,93.72,93.95,93.72,93.77
2/15/2013,92.95,93.84,92.23,93.5
2/14/2013,93.24,93.71,92.68,92.95
2/13/2013,93.32,93.78,92.83,93.24
2/12/2013,94.19,94.41,92.97,93.32
2/11/2013,92.56,94.47,92.45,94.19
2/10/2013,92.71,92.76,92.36,92.56
2/8/2013,93.61,93.72,92.17,92.71
2/7/2013,93.44,93.92,93.09,93.61
2/6/2013,93.57,94.06,93.28,93.44
2/5/2013,92.16,93.78,92.12,93.58
2/4/2013,92.75,93.18,91.98,92.16
2/3/2013,92.78,92.91,92.76,92.77
2/1/2013,91.72,92.97,91.62,92.78
1/31/2013,91.01,91.84,90.75,91.72
1/30/2013,90.78,91.41,90.76,91.01
1/29/2013,90.45,91.02,90.33,90.78
1/28/2013,91.19,91.19,90.41,90.44
1/27/2013,90.91,91.25,90.91,91.19
1/25/2013,90.55,91.2,90.29,90.91
1/24/2013,88.58,90.69,88.42,90.55
1/23/2013,88.52,88.78,88.06,88.58
1/22/2013,89.63,90.13,88.37,88.53
1/21/2013,90.19,90.19,89.34,89.63
1/20/2013,90.08,90.25,90.08,90.19
1/18/2013,89.82,90.21,89.64,90.08
1/17/2013,88.68,90.14,88.14,89.82
1/16/2013,88.77,88.78,87.8,88.67
1/15/2013,89.45,89.63,88.29,88.77
1/14/2013,89.5,89.64,89.08,89.46
1/13/2013,89.3,89.67,89.25,89.51
1/11/2013,89.29,89.37,88.75,89.19
1/10/2013,88.12,89.35,87.99,89.32
1/9/2013,86.93,88.19,86.91,88.15
1/8/2013,87.27,87.81,86.84,86.91
1/7/2013,88.22,88.23,87.24,87.27
1/6/2013,88.13,88.38,88.13,88.22
1/4/2013,87.72,88.4,87.57,88.15
1/3/2013,87.28,87.77,86.77,87.72
1/2/2013,86.62,87.36,86.54,87.29
1/1/2013,86.69,86.85,86.59,86.62
12/31/2012,85.97,86.79,85.87,86.75
12/30/2012,85.8,86,85.67,85.97
12/28/2012,86.5,86.55,85.88,85.88
12/27/2012,85.69,86.63,85.59,86.49
12/26/2012,85.02,85.72,85.02,85.69
12/25/2012,84.87,85.06,84.77,85.02
12/24/2012,84.42,84.87,84.33,84.87
12/23/2012,84.38,84.47,84.34,84.42
12/21/2012,84.43,84.44,83.86,84.26
12/20/2012,84.24,84.45,83.86,84.43
12/19/2012,84.36,84.62,83.95,84.24
12/18/2012,83.92,84.36,83.82,84.36
12/17/2012,84.16,84.16,83.61,83.92
12/16/2012,84.34,84.34,83.98,84.15
12/14/2012,83.68,83.96,83.32,83.53
12/13/2012,83.22,83.68,83.19,83.67
12/12/2012,82.53,83.3,82.5,83.22
12/11/2012,82.37,82.58,82.31,82.53
12/10/2012,82.57,82.59,82.12,82.36
12/9/2012,82.52,82.64,82.51,82.57
12/7/2012,82.45,82.83,82.18,82.5
12/6/2012,82.44,82.62,82.2,82.45
12/5/2012,81.84,82.48,81.8,82.44
12/4/2012,82.15,82.19,81.72,81.84
12/3/2012,82.47,82.47,82,82.15
12/2/2012,82.48,82.52,82.37,82.47
11/30/2012,82.14,82.75,82.05,82.47
11/29/2012,82.16,82.22,81.92,82.15
11/28/2012,82.09,82.21,81.69,82.16
11/27/2012,81.88,82.31,81.88,82.09
11/26/2012,82.56,82.62,81.86,81.88
11/25/2012,82.35,82.58,82.32,82.56
11/23/2012,82.37,82.48,82.07,82.39
11/22/2012,82.57,82.84,82.27,82.37
11/21/2012,81.74,82.59,81.72,82.58
11/20/2012,81.37,81.77,81.14,81.74
11/19/2012,81.56,81.59,81.09,81.37
11/18/2012,81.39,81.56,81.34,81.56
11/16/2012,81.13,81.44,80.9,81.33
11/15/2012,80.19,81.45,80.12,81.13
11/14/2012,79.46,80.31,79.4,80.2
11/13/2012,79.61,79.64,79.21,79.46
11/12/2012,79.47,79.62,79.36,79.61
11/11/2012,79.49,79.49,79.41,79.47
11/9/2012,79.49,79.61,79.08,79.47
11/8/2012,79.98,80,79.32,79.49
11/7/2012,80.29,80.4,79.76,79.98
11/6/2012,80.16,80.44,79.96,80.29
11/5/2012,80.51,80.56,80.14,80.17
11/4/2012,80.44,80.54,80.43,80.51
11/2/2012,80.22,80.67,80.2,80.47
11/1/2012,79.86,80.23,79.85,80.22
10/31/2012,79.68,79.96,79.52,79.86
10/30/2012,79.78,80.1,79.28,79.68
10/29/2012,79.65,79.84,79.53,79.78
10/28/2012,79.61,79.75,79.6,79.65
10/26/2012,80.23,80.28,79.5,79.64
10/25/2012,79.86,80.38,79.83,80.22
10/24/2012,79.82,79.92,79.69,79.85
10/23/2012,79.99,79.99,79.71,79.83
10/22/2012,79.27,80.01,79.22,79.99
10/21/2012,79.28,79.3,79.23,79.26
10/19/2012,79.32,79.43,79.14,79.33
10/18/2012,79.07,79.45,78.99,79.32
10/17/2012,78.86,79.14,78.62,79.06
10/16/2012,78.79,78.97,78.72,78.86
10/15/2012,78.48,78.86,78.33,78.79
10/14/2012,78.43,78.49,78.41,78.48
10/12/2012,78.42,78.53,78.29,78.44
10/11/2012,78.08,78.59,77.95,78.41
10/10/2012,78.24,78.37,78.04,78.08
10/9/2012,78.3,78.43,78.15,78.24
10/8/2012,78.71,78.71,78.09,78.29
10/7/2012,78.68,78.76,78.65,78.71
10/5/2012,78.52,78.87,78.28,78.66
10/4/2012,78.45,78.72,78.31,78.52
10/3/2012,78.22,78.59,78.13,78.45
10/2/2012,78.05,78.25,77.98,78.22
10/1/2012,77.97,78.15,77.79,78.05
9/30/2012,77.97,78,77.93,77.96
9/28/2012,77.62,78.11,77.44,77.93
9/27/2012,77.69,77.75,77.57,77.62
9/26/2012,77.74,77.9,77.59,77.69
9/25/2012,77.87,77.93,77.66,77.74
9/24/2012,78.13,78.15,77.81,77.87
9/23/2012,78.16,78.2,78.09,78.13
9/21/2012,78.22,78.37,78.11,78.16
9/20/2012,78.39,78.46,78.02,78.21
9/19/2012,78.77,79.22,78.26,78.4
9/18/2012,78.68,78.87,78.49,78.77
9/17/2012,78.34,78.93,78.17,78.68
9/16/2012,78.36,78.47,78.32,78.34
9/14/2012,77.64,78.4,77.52,78.39
9/13/2012,77.83,77.83,77.14,77.66
9/12/2012,77.77,77.97,77.74,77.83
9/11/2012,78.24,78.25,77.7,77.77
9/10/2012,78.24,78.33,78.19,78.24
9/9/2012,78.25,78.29,78.2,78.23
9/7/2012,78.89,79.02,78.02,78.26
9/6/2012,78.42,79.03,78.38,78.89
9/5/2012,78.48,78.54,78.31,78.43
9/4/2012,78.34,78.48,78.29,78.48
9/3/2012,78.31,78.4,78.2,78.34
9/2/2012,78.35,78.35,78.28,78.3
8/31/2012,78.54,78.61,78.2,78.39
8/30/2012,78.73,78.73,78.5,78.54
8/29/2012,78.57,78.79,78.48,78.73
8/28/2012,78.76,78.77,78.46,78.58
8/27/2012,78.75,78.84,78.66,78.76
8/26/2012,78.7,78.78,78.63,78.75
8/24/2012,78.59,78.72,78.46,78.66
8/23/2012,78.55,78.69,78.37,78.59
8/22/2012,79.24,79.37,78.3,78.55
8/21/2012,79.35,79.53,79.22,79.25
8/20/2012,79.53,79.66,79.32,79.35
8/19/2012,79.56,79.58,79.44,79.53
8/17/2012,79.27,79.57,79.24,79.56
8/16/2012,79.01,79.41,79,79.27
8/15/2012,78.83,79.05,78.61,79.01
8/14/2012,78.34,78.93,78.33,78.82
8/13/2012,78.26,78.38,78.16,78.34
8/12/2012,78.23,78.3,78.23,78.26
8/10/2012,78.59,78.64,78.16,78.26
8/9/2012,78.42,78.79,78.3,78.59
8/8/2012,78.62,78.64,78.24,78.42
8/7/2012,78.21,78.74,78.16,78.61
8/6/2012,78.62,78.62,78.15,78.21
8/5/2012,78.6,78.64,78.5,78.62
8/3/2012,78.23,78.77,78.07,78.47
8/2/2012,78.38,78.53,78.12,78.23
8/1/2012,78.13,78.5,77.92,78.38
7/31/2012,78.13,78.3,78.04,78.13
7/30/2012,78.5,78.53,78.11,78.13
7/29/2012,78.45,78.54,78.43,78.5
7/27/2012,78.32,78.68,78.08,78.47
7/26/2012,78.11,78.35,78.02,78.32
7/25/2012,78.12,78.28,78.07,78.11
7/24/2012,78.29,78.34,78.08,78.12
7/23/2012,78.47,78.47,77.94,78.29
7/22/2012,78.47,78.53,78.38,78.47
7/20/2012,78.75,78.8,78.45,78.49
7/19/2012,78.8,78.8,78.44,78.75
7/18/2012,79.08,79.13,78.76,78.8
7/17/2012,78.84,79.17,78.82,79.09
7/16/2012,79.18,79.2,78.69,78.84
7/15/2012,79.27,79.28,79.12,79.18
7/13/2012,79.33,79.39,79.08,79.19
7/12/2012,79.61,79.96,79.19,79.33
7/11/2012,79.36,79.79,79.14,79.61
7/10/2012,79.57,79.58,79.21,79.36
7/9/2012,79.5,79.76,79.48,79.57
7/8/2012,79.62,79.73,79.43,79.5
7/6/2012,79.87,80.02,79.5,79.67
7/5/2012,79.95,80.1,79.56,79.87
7/4/2012,79.86,79.97,79.59,79.95
7/3/2012,79.46,79.93,79.44,79.86
7/2/2012,79.84,79.86,79.31,79.45
7/1/2012,79.87,79.97,79.83,79.85
6/29/2012,79.31,79.99,79.14,79.8
6/28/2012,79.67,79.69,79.22,79.3
6/27/2012,79.47,79.87,79.36,79.67
6/26/2012,79.66,79.79,79.24,79.47
6/25/2012,80.58,80.58,79.44,79.66
6/24/2012,80.45,80.62,80.43,80.57
6/22/2012,80.05,80.57,80.05,80.44
6/21/2012,79.44,80.33,79.39,80.05
6/20/2012,79.07,79.7,78.8,79.44
6/19/2012,79.03,79.12,78.85,79.06
6/18/2012,79.08,79.3,78.86,79.03
6/17/2012,78.81,79.18,78.81,79.08
6/15/2012,79.43,79.51,78.61,78.71
6/14/2012,79.38,79.48,79.16,79.43
6/13/2012,79.53,79.74,79.3,79.38
6/12/2012,79.31,79.69,79.17,79.53
6/11/2012,79.56,79.72,79.23,79.31
6/10/2012,79.62,79.71,79.4,79.56
6/8/2012,79.71,79.73,79.12,79.46
6/7/2012,79.3,79.79,79.21,79.71
6/6/2012,78.74,79.39,78.61,79.31
6/5/2012,78.35,78.95,78.11,78.74
6/4/2012,78.07,78.42,77.99,78.36
6/3/2012,78.09,78.23,78.06,78.08
6/1/2012,78.55,78.65,77.66,78.01
5/31/2012,78.98,78.99,78.21,78.55
5/30/2012,79.53,79.56,78.87,78.98
5/29/2012,79.58,79.64,79.38,79.53
5/28/2012,79.61,79.63,79.34,79.58
5/27/2012,79.71,79.73,79.55,79.61
5/25/2012,79.67,79.82,79.5,79.68
5/24/2012,79.46,79.69,79.34,79.68
5/23/2012,80.01,80.06,79.22,79.45
5/22/2012,79.42,80.15,79.3,80.01
5/21/2012,79.18,79.45,79.13,79.42
5/20/2012,79.12,79.25,79.11,79.18
5/18/2012,79.42,79.46,79,79.02
5/17/2012,80.37,80.38,79.14,79.42
5/16/2012,80.31,80.55,80.2,80.37
5/15/2012,79.87,80.33,79.81,80.31
5/14/2012,80.03,80.19,79.69,79.87
5/13/2012,79.99,80.05,79.9,80.03
5/11/2012,79.9,79.99,79.73,79.94
5/10/2012,79.71,80.02,79.61,79.88
5/9/2012,79.88,79.94,79.44,79.72
5/8/2012,79.93,80.08,79.71,79.88
5/7/2012,79.83,79.99,79.73,79.93
5/6/2012,79.85,79.89,79.65,79.83
5/4/2012,80.23,80.39,79.8,79.85
5/3/2012,80.14,80.55,80.11,80.23
5/2/2012,80.23,80.61,80.06,80.14
5/1/2012,79.94,80.3,79.64,80.23
4/30/2012,80.36,80.37,79.74,79.94
4/29/2012,80.26,80.39,80.26,80.36
4/27/2012,81.07,81.44,80.22,80.27
4/26/2012,81.32,81.42,80.67,81.07
4/25/2012,81.4,81.69,81.08,81.32
4/24/2012,81.09,81.44,80.86,81.4
4/23/2012,81.6,81.6,80.97,81.09
4/22/2012,81.52,81.67,81.5,81.6
4/20/2012,81.63,81.78,81.48,81.52
4/19/2012,81.32,81.74,81.27,81.63
4/18/2012,81.06,81.56,81.01,81.32
4/17/2012,80.41,81.11,80.37,81.06
4/16/2012,80.92,81,80.3,80.41
4/15/2012,80.85,80.96,80.85,80.92
4/13/2012,80.95,81.19,80.83,80.92
4/12/2012,81,81.13,80.74,80.94
4/11/2012,80.68,81.12,80.59,81
4/10/2012,81.65,81.86,80.65,80.68
4/9/2012,81.3,81.67,81.23,81.64
4/8/2012,81.51,81.58,81.2,81.31
4/6/2012,82.22,82.56,81.33,81.64
4/5/2012,82.42,82.45,81.83,82.22
4/4/2012,82.85,82.94,82.1,82.44
4/3/2012,81.63,82.99,81.63,82.85
4/2/2012,82.89,83.3,81.56,81.64
4/1/2012,83.03,83.06,82.76,82.89
3/30/2012,82.29,82.88,81.84,82.87
3/29/2012,82.84,82.87,81.92,82.29
3/28/2012,83.07,83.18,82.61,82.84
3/27/2012,83.02,83.38,82.64,83.07
3/26/2012,82.6,83.03,82.56,83.02
3/25/2012,82.41,82.63,82.38,82.6
3/23/2012,82.53,82.95,81.99,82.35
3/22/2012,83.2,83.47,82.33,82.53
3/21/2012,83.67,84.1,83.14,83.2
3/20/2012,83.38,83.83,83.32,83.67
3/19/2012,83.46,83.57,83.02,83.38
3/18/2012,83.4,83.57,83.37,83.47
3/16/2012,83.5,83.94,83.19,83.44
3/15/2012,83.84,84.18,83.2,83.5
3/14/2012,82.96,83.91,82.96,83.83
3/13/2012,82.38,83.08,81.97,82.96
3/12/2012,82.35,82.43,82.11,82.38
3/11/2012,82.51,82.53,82.36,82.36
3/9/2012,81.6,82.64,81.48,82.48
3/8/2012,81.36,81.73,81.18,81.6
3/7/2012,80.64,81.36,80.59,81.36
3/6/2012,81.53,81.57,80.59,80.64
3/5/2012,81.62,81.79,81.16,81.53
3/4/2012,81.78,81.86,81.55,81.62
3/2/2012,81.09,81.87,81.09,81.8
3/1/2012,81.28,81.32,80.84,81.09
2/29/2012,80.49,81.38,80.26,81.28
2/28/2012,80.47,80.79,80.02,80.48
2/27/2012,81.48,81.49,80.14,80.47
2/26/2012,81.25,81.67,81.25,81.48
2/24/2012,79.94,81.22,79.94,81.2
2/23/2012,80.27,80.34,79.86,79.95
2/22/2012,79.85,80.4,79.78,80.27
2/21/2012,79.62,79.86,79.56,79.85
2/20/2012,79.79,79.79,79.36,79.62
2/19/2012,79.59,79.89,79.58,79.78
2/17/2012,78.83,79.61,78.83,79.56
2/16/2012,78.5,78.96,78.37,78.83
2/15/2012,78.41,78.66,78.18,78.5
2/14/2012,77.52,78.54,77.51,78.41
2/13/2012,77.71,77.78,77.37,77.52
2/12/2012,77.56,77.72,77.56,77.71
2/10/2012,77.66,77.81,77.52,77.61
2/9/2012,77.07,77.73,77.04,77.66
2/8/2012,76.77,77.19,76.72,77.07
2/7/2012,76.57,76.96,76.53,76.77
2/6/2012,76.57,76.8,76.5,76.57
2/5/2012,76.62,76.62,76.54,76.57
2/3/2012,76.18,76.74,76.14,76.61
2/2/2012,76.2,76.24,76.05,76.19
2/1/2012,76.27,76.35,76.02,76.2
1/31/2012,76.38,76.42,76.16,76.27
1/30/2012,76.74,76.78,76.22,76.38
1/29/2012,76.68,76.78,76.68,76.75
1/27/2012,77.47,77.47,76.65,76.69
1/26/2012,77.78,77.81,77.3,77.47
1/25/2012,77.69,78.28,77.56,77.78
1/24/2012,77,77.85,76.96,77.68
1/23/2012,76.97,77.08,76.87,77
1/22/2012,76.96,77.05,76.93,76.97
1/20/2012,77.08,77.3,76.92,77.02
1/19/2012,76.79,77.32,76.7,77.08
1/18/2012,76.82,76.87,76.66,76.79
1/17/2012,76.83,76.88,76.56,76.82
1/16/2012,76.93,76.94,76.7,76.83
1/15/2012,77.08,77.08,76.89,76.93
1/13/2012,76.79,77.01,76.67,76.97
1/12/2012,76.87,76.98,76.67,76.79
1/11/2012,76.86,77.04,76.84,76.87
1/10/2012,76.88,76.91,76.78,76.86
1/9/2012,76.94,77.01,76.77,76.88
1/8/2012,76.91,76.96,76.8,76.94
1/6/2012,77.17,77.34,76.96,76.97
1/5/2012,76.72,77.25,76.66,77.17
1/4/2012,76.74,76.83,76.61,76.72
1/3/2012,76.95,76.97,76.63,76.74
1/2/2012,77.03,77.06,76.86,76.95
1/1/2012,76.95,77.03,76.91,77.03
12/30/2011,77.67,77.74,76.88,76.89
12/29/2011,77.95,77.95,77.59,77.67
12/28/2011,77.88,78.04,77.57,77.95
12/27/2011,78.01,78.03,77.8,77.88
12/26/2011,78.09,78.09,77.98,78.01
12/25/2011,78.09,78.09,78.09,78.09
12/23/2011,78.17,78.23,78,78.08
12/22/2011,78.08,78.21,78,78.17
12/21/2011,77.86,78.11,77.69,78.08
12/20/2011,78.02,78.06,77.72,77.86
12/19/2011,77.82,78.16,77.8,78.02
12/18/2011,77.79,77.83,77.74,77.82
12/16/2011,77.85,77.96,77.62,77.77
12/15/2011,78.12,78.13,77.74,77.85
12/14/2011,77.97,78.16,77.93,78.12
12/13/2011,77.96,78.02,77.65,77.97
12/12/2011,77.62,78,77.59,77.96
12/11/2011,77.58,77.64,77.58,77.62
12/9/2011,77.69,77.78,77.5,77.61
12/8/2011,77.68,77.8,77.14,77.69
12/7/2011,77.75,77.79,77.63,77.68
12/6/2011,77.81,77.86,77.64,77.75
12/5/2011,78.09,78.1,77.69,77.81
12/4/2011,78.04,78.11,77.9,78.09
12/2/2011,77.77,78.08,77.73,77.99
12/1/2011,77.6,77.81,77.49,77.77
11/30/2011,77.97,78.16,77.3,77.6
11/29/2011,78.09,78.28,77.62,77.97
11/28/2011,77.68,78.24,77.58,78.09
11/27/2011,77.6,77.73,77.46,77.68
11/25/2011,77.19,77.79,77.18,77.73
11/24/2011,77.28,77.28,77.02,77.19
11/23/2011,76.98,77.58,76.93,77.28
11/22/2011,76.94,77.32,76.84,76.98
11/21/2011,76.85,76.99,76.77,76.94
11/20/2011,76.88,76.93,76.85,76.85
11/18/2011,76.97,77.03,76.58,76.9
11/17/2011,77.07,77.08,76.92,76.97
11/16/2011,77.09,77.15,76.86,77.07
11/15/2011,77.1,77.5,76.91,77.09
11/14/2011,77.18,77.25,76.82,77.1
11/13/2011,77.23,77.25,77.08,77.18
11/11/2011,77.66,77.67,77.05,77.14
11/10/2011,77.77,77.87,77.51,77.66
11/9/2011,77.7,77.89,77.54,77.77
11/8/2011,78.08,78.09,77.61,77.7
11/7/2011,78.16,78.18,77.99,78.08
11/6/2011,78.19,78.19,78.13,78.16
11/4/2011,78.06,78.27,77.99,78.24
11/3/2011,78.15,78.17,77.9,78.06
11/2/2011,78.31,78.32,77.96,78.15
11/1/2011,78.32,78.98,78.02,78.31
10/31/2011,75.76,79.53,75.58,78.32
10/30/2011,75.67,75.79,75.66,75.76
10/28/2011,75.98,76,75.68,75.82
10/27/2011,76.18,76.28,75.66,75.98
10/26/2011,76.12,76.32,75.72,76.18
10/25/2011,76.2,76.3,75.75,76.12
10/24/2011,76.42,76.44,75.99,76.2
10/23/2011,76.23,76.48,76.17,76.42
10/21/2011,76.88,76.88,75.82,76.29
10/20/2011,76.84,77.09,76.68,76.88
10/19/2011,76.78,76.86,76.66,76.84
10/18/2011,76.84,76.91,76.63,76.78
10/17/2011,77.22,77.45,76.6,76.84
10/16/2011,77.1,77.26,77.08,77.22
10/14/2011,76.9,77.45,76.86,77.21
10/13/2011,77.1,77.22,76.67,76.9
10/12/2011,76.71,77.49,76.32,77.1
10/11/2011,76.67,76.76,76.6,76.71
10/10/2011,76.8,76.86,76.57,76.67
10/9/2011,76.78,76.82,76.74,76.8
10/7/2011,76.69,76.91,76.59,76.73
10/6/2011,76.79,76.84,76.56,76.69
10/5/2011,76.83,77.07,76.62,76.79
10/4/2011,76.62,76.98,76.54,76.83
10/3/2011,77.2,77.21,76.52,76.62
10/2/2011,77.1,77.27,77.09,77.2
9/30/2011,76.73,77.2,76.5,77.05
9/29/2011,76.54,77.03,76.42,76.73
9/28/2011,76.7,76.71,76.34,76.54
9/27/2011,76.44,76.93,76.27,76.7
9/26/2011,76.66,76.76,76.23,76.44
9/25/2011,76.52,76.67,76.48,76.66
9/23/2011,76.26,76.89,76.15,76.6
9/22/2011,76.63,76.93,76.11,76.26
9/21/2011,76.4,76.74,76.12,76.63
9/20/2011,76.68,76.76,76.36,76.4
9/19/2011,76.96,76.98,76.33,76.68
9/18/2011,76.9,76.97,76.88,76.96
9/16/2011,76.72,76.97,76.68,76.8
9/15/2011,76.72,77.3,76.56,76.72
9/14/2011,76.95,77.06,76.6,76.72
9/13/2011,77.19,77.25,76.81,76.95
9/12/2011,77.47,77.59,76.76,77.19
9/11/2011,77.5,77.57,77.46,77.47
9/9/2011,77.56,77.86,77.1,77.59
9/8/2011,77.35,77.6,77.14,77.56
9/7/2011,77.53,77.55,77.08,77.35
9/6/2011,76.93,77.73,76.72,77.53
9/5/2011,76.85,76.98,76.69,76.93
9/4/2011,76.9,76.96,76.83,76.85
9/2/2011,76.89,76.97,76.55,76.81
9/1/2011,76.76,77.24,76.71,76.89
8/31/2011,76.72,76.84,76.43,76.76
8/30/2011,76.95,76.95,76.62,76.72
8/29/2011,76.76,77.02,76.58,76.95
8/28/2011,76.71,76.81,76.56,76.76
8/26/2011,77.41,77.46,76.5,76.67
8/25/2011,77.02,77.7,76.84,77.41
8/24/2011,76.66,77.08,76.48,77.02
8/23/2011,76.93,76.93,76.47,76.66
8/22/2011,76.85,77.19,76.56,76.93
8/21/2011,76.74,76.88,76.7,76.85
8/19/2011,76.64,76.97,75.97,76.55
8/18/2011,76.62,76.71,76.45,76.64
8/17/2011,76.74,76.8,76.41,76.62
8/16/2011,76.82,76.93,76.65,76.74
8/15/2011,76.87,77.08,76.59,76.82
8/14/2011,76.83,76.93,76.78,76.87
8/12/2011,76.94,77.02,76.52,76.69
8/11/2011,76.82,77.22,76.31,76.94
8/10/2011,77.14,77.15,76.36,76.82
8/9/2011,77.67,77.71,76.71,77.14
8/8/2011,78.25,78.34,77.5,77.67
8/7/2011,78.02,78.47,77.93,78.25
8/5/2011,79.08,79.41,78.33,78.47
8/4/2011,77.14,80.24,77.01,79.08
8/3/2011,77.3,77.38,76.79,77.14
8/2/2011,77.57,77.78,76.97,77.3
8/1/2011,77.35,78.04,76.31,77.57
7/31/2011,77.13,77.64,77.1,77.35
7/29/2011,77.83,77.87,76.74,76.76
7/28/2011,77.94,78.03,77.63,77.83
7/27/2011,77.99,78.17,77.58,77.94
7/26/2011,78.31,78.56,77.83,77.99
7/25/2011,78.39,78.55,78.06,78.31
7/24/2011,78.36,78.47,78.14,78.39
7/22/2011,78.56,78.72,78.29,78.54
7/21/2011,78.81,79.02,78.23,78.56
7/20/2011,79.18,79.32,78.71,78.81
7/19/2011,79.04,79.28,78.82,79.18
7/18/2011,79.07,79.18,78.95,79.04
7/17/2011,79.11,79.16,79.01,79.07
7/15/2011,79.01,79.28,78.99,79.14
7/14/2011,78.86,79.6,78.47,79.01
7/13/2011,79.46,79.57,78.66,78.86
7/12/2011,80.34,80.36,78.49,79.46
7/11/2011,80.68,80.83,80.11,80.34
7/10/2011,80.55,80.68,80.52,80.68
7/8/2011,81.27,81.48,80.51,80.64
7/7/2011,80.88,81.41,80.8,81.27
7/6/2011,81.08,81.1,80.77,80.88
7/5/2011,80.79,81.19,80.78,81.08
7/4/2011,80.83,80.87,80.54,80.79
7/3/2011,80.82,80.91,80.76,80.83
7/1/2011,80.71,81.14,80.56,80.83
6/30/2011,80.75,80.86,80.27,80.71
6/29/2011,81.05,81.19,80.58,80.75
6/28/2011,80.77,81.27,80.66,81.05
6/27/2011,80.47,80.98,80.47,80.77
6/26/2011,80.35,80.5,80.34,80.47
6/24/2011,80.5,80.61,80.13,80.43
6/23/2011,80.37,80.79,80.34,80.5
6/22/2011,80.25,80.42,80.02,80.37
6/21/2011,80.2,80.33,80.06,80.25
6/20/2011,80.17,80.36,80.03,80.2
6/19/2011,80.15,80.19,80.06,80.17
6/17/2011,80.58,80.67,80.01,80.05
6/16/2011,80.85,81.03,80.49,80.58
6/15/2011,80.51,81.06,80.39,80.85
6/14/2011,80.2,80.65,80.11,80.51
6/13/2011,80.36,80.69,80.09,80.2
6/12/2011,80.33,80.4,80.26,80.36
6/10/2011,80.36,80.4,79.97,80.33
6/9/2011,79.87,80.46,79.84,80.36
6/8/2011,80.19,80.21,79.7,79.87
6/7/2011,80.12,80.33,79.99,80.19
6/6/2011,80.23,80.4,79.98,80.12
6/5/2011,80.23,80.33,80.19,80.23
6/3/2011,80.89,80.89,80.06,80.27
6/2/2011,80.94,81.32,80.57,80.89
6/1/2011,81.36,81.5,80.68,80.94
5/31/2011,80.87,81.77,80.72,81.36
5/30/2011,80.87,81.02,80.77,80.87
5/29/2011,80.75,80.89,80.72,80.87
5/27/2011,81.14,81.29,80.71,80.8
5/26/2011,82.03,82.03,81.09,81.14
5/25/2011,82.05,82.17,81.8,82.03
5/24/2011,81.97,82.21,81.62,82.05
5/23/2011,81.66,82.08,81.33,81.97
5/22/2011,81.8,81.81,81.59,81.66
5/20/2011,81.73,81.86,81.48,81.71
5/19/2011,81.73,82.22,81.47,81.73
5/18/2011,81.5,81.81,80.94,81.73
5/17/2011,80.86,81.78,80.84,81.5
5/16/2011,80.72,81.06,80.68,80.86
5/15/2011,80.87,80.96,80.64,80.72
5/13/2011,81.01,81.09,80.35,80.79
5/12/2011,81.04,81.32,80.71,81.01
5/11/2011,80.97,81.32,80.62,81.04
5/10/2011,80.17,81.09,80.17,80.97
5/9/2011,80.8,80.83,80.16,80.17
5/8/2011,80.64,80.84,80.62,80.8
5/6/2011,80.32,80.93,80.2,80.63
5/5/2011,80.59,80.65,79.57,80.32
5/4/2011,81.04,81.19,80.43,80.59
5/3/2011,81.24,81.24,80.7,81.04
5/2/2011,81.22,81.69,81,81.24
5/1/2011,81.12,81.34,81.1,81.22
4/29/2011,81.62,81.63,81.04,81.19
4/28/2011,82.26,82.26,81.4,81.62
4/27/2011,81.38,82.78,81.35,82.26
4/26/2011,81.68,81.98,81.27,81.38
4/25/2011,82.03,82.42,81.64,81.68
4/24/2011,81.82,82.05,81.81,82.03
4/22/2011,81.87,82.11,81.67,81.88
4/21/2011,82.5,82.5,81.62,81.87
4/20/2011,82.77,83.1,82.27,82.5
4/19/2011,82.48,82.88,82.37,82.77
4/18/2011,83.09,83.2,82.19,82.48
4/17/2011,83.23,83.26,83.01,83.09
4/15/2011,83.67,83.76,82.96,83.14
4/14/2011,83.74,83.83,82.96,83.67
4/13/2011,83.76,84.26,83.58,83.74
4/12/2011,84.45,84.57,83.47,83.76
4/11/2011,85.13,85.14,84.36,84.45
4/10/2011,84.86,85.16,84.82,85.13
4/8/2011,84.89,85.39,84.68,84.75
4/7/2011,85.45,85.48,84.6,84.89
4/6/2011,84.98,85.52,84.84,85.45
4/5/2011,84.36,85.23,84.16,84.98
4/4/2011,84.17,84.48,83.86,84.36
4/3/2011,84.18,84.39,84.11,84.17
4/1/2011,83.43,84.73,83.37,84.06
3/31/2011,83.14,83.45,82.57,83.43
3/30/2011,82.51,83.21,82.42,83.14
3/29/2011,81.72,82.54,81.55,82.51
3/28/2011,81.58,81.85,81.53,81.72
3/27/2011,81.41,81.61,81.32,81.58
3/25/2011,81.02,81.49,80.88,81.34
3/24/2011,80.88,81.06,80.77,81.02
3/23/2011,81.05,81.07,80.71,80.88
3/22/2011,81.23,81.23,80.85,81.05
3/21/2011,81.01,81.32,80.82,81.23
3/20/2011,80.89,81.01,80.74,81.01
3/17/2011,79.52,82,79.16,80.59
3/16/2011,79.12,79.76,78.23,79.51
3/15/2011,81.07,81.18,76.5,79.12
3/15/2011,81.83,82.03,80.73,80.87
3/14/2011,81.3,82.46,81.3,81.83
3/13/2011,81.66,81.91,80.64,81.3
3/11/2011,82.92,83.3,81.66,81.86
3/10/2011,82.84,83.17,82.7,82.92
3/9/2011,82.81,82.93,82.58,82.84
3/8/2011,82.29,82.85,82.21,82.81
3/7/2011,82.36,82.39,81.95,82.29
3/6/2011,82.33,82.36,82.21,82.36
3/4/2011,82.38,83.05,82.22,82.31
3/3/2011,81.84,82.52,81.73,82.38
3/2/2011,81.92,82.11,81.58,81.84
3/1/2011,81.88,82.23,81.79,81.92
2/28/2011,81.64,81.98,81.62,81.88
2/27/2011,81.68,81.76,81.63,81.64
2/25/2011,82.04,82.07,81.65,81.68
2/24/2011,82.45,82.46,81.63,82.04
2/23/2011,82.77,82.89,82.32,82.45
2/22/2011,83.08,83.42,82.58,82.77
2/21/2011,83.11,83.53,83.07,83.08
2/20/2011,83.09,83.17,83.03,83.11
2/18/2011,83.31,83.52,83.04,83.19
2/17/2011,83.61,83.75,83.16,83.31
2/16/2011,83.72,83.97,83.5,83.61
2/15/2011,83.41,83.92,83.2,83.72
2/14/2011,83.44,83.49,83.1,83.41
2/13/2011,83.49,83.52,83.41,83.44
2/11/2011,83.35,83.67,83.24,83.44
2/10/2011,82.42,83.39,82.39,83.35
2/9/2011,82.3,82.67,82.21,82.42
2/8/2011,82.3,82.42,81.78,82.3
2/7/2011,82.24,82.47,82.17,82.3
2/6/2011,82.17,82.28,82.17,82.24
2/4/2011,81.67,82.46,81.13,82.18
2/3/2011,81.5,82.06,81.41,81.67
2/2/2011,81.42,81.86,81.36,81.5
2/1/2011,82.1,82.15,81.32,81.42
1/31/2011,82.1,82.26,81.91,82.1
1/30/2011,82,82.17,81.98,82.1
1/28/2011,82.89,82.91,81.99,82.14
1/27/2011,82.17,83.2,82.02,82.89
1/26/2011,82.26,82.61,81.99,82.17
1/25/2011,82.54,82.66,81.98,82.26
1/24/2011,82.6,82.92,82.31,82.54
1/23/2011,82.58,82.69,82.56,82.6
1/21/2011,82.95,83.09,82.53,82.57
1/20/2011,82.16,83.12,82.06,82.95
1/19/2011,82.62,82.69,81.85,82.16
1/18/2011,82.68,82.82,82.33,82.62
1/17/2011,82.9,83.01,82.36,82.68
1/16/2011,82.81,82.95,82.81,82.9
1/14/2011,82.77,83.06,82.41,82.88
1/13/2011,83.09,83.15,82.55,82.77
1/12/2011,83.36,83.46,82.81,83.09
1/11/2011,82.72,83.49,82.72,83.36
1/10/2011,83.06,83.28,82.67,82.72
1/9/2011,83.23,83.27,83.05,83.06
1/7/2011,83.31,83.69,82.86,83.14
1/6/2011,83.19,83.39,82.88,83.31
1/5/2011,82.06,83.38,81.89,83.19
1/4/2011,81.67,82.28,81.61,82.06
1/3/2011,81.13,81.75,81.13,81.67
1/2/2011,81.24,81.25,80.94,81.13
12/31/2010,81.5,81.54,80.95,81.16
12/30/2010,81.63,81.86,81.29,81.5
12/29/2010,82.37,82.37,81.61,81.63
12/28/2010,82.76,82.77,81.82,82.37
12/27/2010,82.95,82.98,82.65,82.76
12/26/2010,82.82,82.96,82.78,82.95
12/24/2010,83.03,83.16,82.87,82.88
12/23/2010,83.57,83.58,82.86,83.03
12/22/2010,83.81,83.85,83.42,83.57
12/21/2010,83.79,83.91,83.5,83.81
12/20/2010,84.03,84.12,83.63,83.79
12/19/2010,83.94,84.09,83.94,84.03
12/17/2010,84.06,84.2,83.69,83.98
12/16/2010,84.28,84.44,83.9,84.06
12/15/2010,83.81,84.51,83.65,84.28
12/14/2010,83.45,83.83,82.84,83.81
12/13/2010,83.99,84.35,83.11,83.45
12/12/2010,84.01,84.01,83.97,83.99
12/10/2010,83.83,84.01,83.46,83.95
12/9/2010,84.11,84.11,83.52,83.83
12/8/2010,83.49,84.3,83.48,84.11
12/7/2010,82.68,83.66,82.34,83.49
12/6/2010,82.8,82.99,82.58,82.68
12/5/2010,82.66,82.8,82.66,82.8
12/3/2010,83.84,83.85,82.53,82.55
12/2/2010,84.14,84.37,83.5,83.84
12/1/2010,83.69,84.4,83.39,84.14
11/30/2010,84.28,84.28,83.43,83.69
11/29/2010,84.18,84.4,83.84,84.28
11/28/2010,84.06,84.18,83.92,84.18
11/26/2010,83.65,84.18,83.64,84.08
11/25/2010,83.53,83.7,83.4,83.65
11/24/2010,83.27,83.66,82.95,83.53
11/23/2010,83.31,83.84,82.79,83.27
11/22/2010,83.48,83.56,83.23,83.31
11/21/2010,83.52,83.52,83.37,83.48
11/19/2010,83.54,83.64,83.14,83.53
11/18/2010,83.14,83.78,83.1,83.54
11/17/2010,83.38,83.55,83.04,83.14
11/16/2010,83.17,83.59,82.91,83.38
11/15/2010,82.49,83.26,82.4,83.17
11/14/2010,82.49,82.52,82.4,82.49
11/12/2010,82.43,82.65,81.66,82.5
11/11/2010,82.23,82.6,82.04,82.43
11/10/2010,81.59,82.8,81.56,82.23
11/9/2010,81.11,81.97,80.54,81.59
11/8/2010,81.16,81.44,81.01,81.11
11/7/2010,81.24,81.31,81.15,81.16
11/5/2010,80.79,81.48,80.62,81.27
11/4/2010,81.07,81.22,80.59,80.79
11/3/2010,80.68,81.57,80.61,81.07
11/2/2010,80.58,80.96,80.47,80.68
11/1/2010,80.36,81.14,80.33,80.58
10/31/2010,80.31,80.4,80.25,80.36
10/29/2010,80.94,81.08,80.39,80.39
10/28/2010,81.58,81.7,80.87,80.94
10/27/2010,81.42,81.98,81.38,81.58
10/26/2010,80.81,81.65,80.62,81.42
10/25/2010,81.31,81.33,80.42,80.81
10/24/2010,81.29,81.46,81.29,81.31
10/22/2010,81.27,81.5,80.98,81.36
10/21/2010,81.11,81.82,80.92,81.27
10/20/2010,81.46,81.47,80.85,81.11
10/19/2010,81.19,81.92,81.15,81.46
10/18/2010,81.32,81.41,81.13,81.19
10/17/2010,81.39,81.48,81.27,81.32
10/15/2010,81.59,81.62,80.89,81.47
10/14/2010,81.72,81.73,80.89,81.59
10/13/2010,81.8,82,81.7,81.72
10/12/2010,82.32,82.32,81.67,81.8
10/11/2010,81.83,82.34,81.83,82.32
10/10/2010,81.95,81.97,81.38,81.83
10/8/2010,82.36,82.56,81.74,81.9
10/7/2010,82.98,83.03,82.12,82.36
10/6/2010,83.17,83.24,82.76,82.98
10/5/2010,83.58,83.98,82.98,83.17
10/4/2010,83.35,83.86,83.19,83.58
10/3/2010,83.25,83.4,83.23,83.35
10/1/2010,83.51,83.56,83.16,83.21
9/30/2010,83.77,83.8,83.17,83.51
9/29/2010,83.94,84.09,83.5,83.77
9/28/2010,84.27,84.34,83.7,83.94
9/27/2010,84.33,84.37,84.12,84.27
9/26/2010,84.24,84.39,84.22,84.33
9/24/2010,84.56,85.39,84.12,84.21
9/23/2010,84.59,84.67,84.27,84.56
9/22/2010,84.99,85,84.28,84.59
9/21/2010,85.72,85.72,84.97,84.99
9/20/2010,85.75,85.8,85.51,85.72
9/19/2010,85.75,85.78,85.69,85.75
9/17/2010,85.81,85.93,85.6,85.86
9/16/2010,85.61,85.93,85.23,85.81
9/15/2010,83.08,85.77,82.88,85.61
9/14/2010,83.61,83.72,82.93,83.08
9/13/2010,84.25,84.29,83.51,83.61
9/12/2010,84.23,84.36,84.19,84.25
9/10/2010,83.92,84.38,83.75,84.18
9/9/2010,84,84.02,83.5,83.92
9/8/2010,83.75,84.04,83.35,84
9/7/2010,84.17,84.26,83.52,83.75
9/6/2010,84.46,84.49,84.05,84.17
9/5/2010,84.15,84.48,84.15,84.46
9/3/2010,84.37,85.22,84.17,84.34
9/2/2010,84.51,84.56,84,84.37
9/1/2010,84.13,84.67,83.68,84.51
8/31/2010,84.61,84.66,83.83,84.13
8/30/2010,85.6,85.9,84.49,84.61
8/29/2010,85.37,85.75,85.33,85.6
8/27/2010,84.31,85.45,84.28,85.26
8/26/2010,84.79,84.89,84.28,84.31
8/25/2010,84.19,84.83,84.06,84.79
8/24/2010,85.08,85.16,83.59,84.19
8/23/2010,85.56,85.64,85.07,85.08
8/22/2010,85.63,85.68,85.51,85.56
8/20/2010,85.2,85.82,85.2,85.59
8/19/2010,85.46,85.92,84.9,85.2
8/18/2010,85.62,85.62,85.19,85.46
8/17/2010,85.19,85.68,85.18,85.62
8/16/2010,85.97,85.98,85.12,85.19
8/15/2010,86.23,86.24,85.92,85.97
8/13/2010,86.17,86.38,85.57,86.22
8/12/2010,85.13,86.18,84.94,86.17
8/11/2010,85.32,85.47,84.73,85.13
8/10/2010,85.93,86.24,85.19,85.32
8/9/2010,85.35,85.95,85.34,85.93
8/8/2010,85.39,85.45,85.31,85.35
8/6/2010,85.81,86.18,85.03,85.52
8/5/2010,86.33,86.45,85.71,85.81
8/4/2010,85.88,86.4,85.33,86.33
8/3/2010,86.53,86.6,85.69,85.88
8/2/2010,86.52,86.88,86.33,86.53
8/1/2010,86.34,86.53,86.33,86.52
7/30/2010,86.76,86.82,86.02,86.45
7/27/2010,86.91,87.98,86.84,87.82
7/26/2010,87.67,87.72,86.83,86.91
7/25/2010,87.45,87.67,87.42,87.67
7/23/2010,87.22,87.5,86.74,87.47
7/22/2010,86.85,87.23,86.35,87.22
7/21/2010,87.41,87.43,86.8,86.85
7/20/2010,86.76,87.57,86.74,87.41
7/19/2010,86.53,87.22,86.53,86.76
7/18/2010,86.52,86.67,86.48,86.53
7/16/2010,87.43,87.5,86.3,86.58
7/15/2010,88.3,88.41,87.24,87.43
7/14/2010,88.83,89.11,88.09,88.3
7/13/2010,88.76,88.87,88.19,88.83
7/12/2010,89.08,89.12,88.39,88.76
7/9/2010,88.5,88.7,88.38,88.61
7/8/2010,87.82,88.64,87.8,88.5
7/7/2010,87.64,87.84,87.03,87.82
7/6/2010,87.53,87.97,87.36,87.64
7/5/2010,87.79,88,87.47,87.53
7/4/2010,87.73,87.83,87.65,87.79
7/2/2010,87.71,88.21,87.45,87.78
7/1/2010,88.51,88.53,86.99,87.71
6/30/2010,88.63,88.76,88.36,88.51
6/29/2010,89.39,89.42,88.3,88.63
6/28/2010,89.3,89.47,89.07,89.39
6/27/2010,89.33,89.41,89.27,89.3
6/25/2010,89.59,89.77,89.23,89.25
6/24/2010,89.94,89.97,89.23,89.59
6/23/2010,90.39,90.56,89.75,89.94
6/22/2010,91.03,91.11,90.34,90.39
6/21/2010,90.56,91.48,90.34,91.03
6/20/2010,90.36,90.58,90.28,90.56
6/18/2010,90.89,90.95,90.46,90.69
6/17/2010,91.33,91.42,90.52,90.89
6/16/2010,91.53,91.82,91.1,91.33
6/15/2010,91.63,91.69,91.08,91.53
6/14/2010,91.67,92.12,91.42,91.63
6/13/2010,91.78,91.83,91.61,91.67
6/11/2010,91.49,91.78,91.22,91.66
6/10/2010,91.35,91.55,90.86,91.49
6/9/2010,91.35,91.67,91.06,91.35
6/8/2010,91.56,91.93,90.84,91.35
6/7/2010,91.62,92.08,90.98,91.56
6/6/2010,91.81,91.95,91.5,91.62
6/4/2010,92.59,92.89,91.43,91.89
6/3/2010,92.09,92.8,92.05,92.59
6/2/2010,91.17,92.36,91.02,92.09
6/1/2010,91.16,91.46,90.54,91.17
5/31/2010,91.24,91.62,90.94,91.16
5/30/2010,91.03,91.26,90.92,91.24
5/28/2010,90.99,91.41,90.61,91.06
5/27/2010,89.98,91.08,89.92,90.99
5/26/2010,90.33,90.67,89.82,89.98
5/25/2010,90.11,90.49,89.26,90.33
5/24/2010,90.17,90.62,89.75,90.11
5/23/2010,90.36,90.41,89.95,90.17
5/21/2010,89.87,90.48,89.23,89.98
5/20/2010,91.78,91.88,88.97,89.87
5/19/2010,91.86,92.14,90.94,91.78
5/18/2010,92.54,92.97,91.86,91.86
5/17/2010,92.25,92.69,91.77,92.54
5/16/2010,92.28,92.42,92.18,92.25
5/14/2010,92.6,93.08,91.81,92.52
5/13/2010,93.19,93.64,92.59,92.6
5/12/2010,92.81,93.29,92.45,93.19
5/11/2010,93.01,93.27,92.22,92.81
5/10/2010,92.17,93.54,91.84,93.02
5/9/2010,92.42,92.75,91.41,92.17
5/7/2010,91.36,93.24,90.84,91.59
5/6/2010,93.88,93.97,87.98,91.36
5/5/2010,94.9,94.99,93.54,93.88
5/4/2010,94.66,94.97,94.33,94.9
5/3/2010,94.12,94.78,93.84,94.66
5/2/2010,93.91,94.14,93.86,94.12
4/30/2010,93.97,94.59,93.83,93.86
4/29/2010,94.01,94.26,93.86,93.97
4/28/2010,93.19,94.32,93,94.01
4/27/2010,93.89,94.03,92.82,93.19
4/26/2010,94.18,94.36,93.81,93.89
4/25/2010,94.03,94.19,93.94,94.18
4/23/2010,93.54,94.33,93.31,93.97
4/22/2010,93,93.63,92.75,93.54
4/21/2010,93.12,93.44,92.94,93
4/20/2010,92.47,93.39,92.47,93.12
4/19/2010,91.95,92.54,91.6,92.47
4/18/2010,91.83,92.11,91.83,91.95
4/16/2010,93.13,93.13,91.9,92.17
4/14/2010,93.24,93.72,92.83,93.31
4/13/2010,93.2,93.41,92.58,93.24
4/12/2010,93.09,93.61,93.05,93.2
4/11/2010,92.92,93.28,92.91,93.09
4/9/2010,93.42,93.78,93.11,93.18
4/8/2010,93.21,93.53,92.83,93.42
4/7/2010,93.64,94.27,93.15,93.21
4/6/2010,94.28,94.29,93.56,93.64
4/5/2010,94.53,94.59,94.09,94.28
4/4/2010,94.7,94.8,94.53,94.53
4/2/2010,93.74,94.69,93.61,94.61
4/1/2010,93.53,94.04,93.28,93.74
3/30/2010,92.42,93.02,92.12,92.92
3/29/2010,92.4,92.78,92.35,92.42
3/28/2010,92.44,92.5,92.36,92.4
3/26/2010,92.53,92.9,92.31,92.53
3/25/2010,92.02,92.96,91.77,92.53
3/24/2010,90.42,92.4,90.39,92.02
3/23/2010,90.33,90.47,90.13,90.42
3/22/2010,90.44,90.77,89.83,90.33
3/21/2010,90.52,90.58,90.44,90.44
3/19/2010,90.48,90.72,90.34,90.55
3/18/2010,90.42,90.8,89.76,90.48
3/17/2010,90.31,90.71,90.03,90.42
3/16/2010,90.33,90.73,89.99,90.31
3/15/2010,90.7,90.8,90.28,90.33
3/14/2010,90.75,90.75,90.56,90.71
3/12/2010,90.67,91.08,90.17,90.56
3/11/2010,90.5,90.75,90.21,90.67
3/10/2010,90.01,90.82,89.94,90.5
3/9/2010,90.31,90.31,89.64,90
3/8/2010,90.61,90.66,90.15,90.31
3/7/2010,90.39,90.68,90.36,90.6
3/5/2010,89.17,90.59,89.16,90.31
3/4/2010,88.59,89.26,88.14,89.19
3/3/2010,88.78,88.99,88.32,88.61
3/2/2010,89.17,89.38,88.55,88.77
3/1/2010,88.86,89.48,88.81,89.19
2/28/2010,88.86,89.11,88.86,88.87
2/26/2010,89.29,89.5,88.75,88.94
2/25/2010,90.29,90.29,88.8,89.3
2/24/2010,90.17,90.36,89.77,90.29
2/23/2010,91.26,91.29,89.92,90.17
2/22/2010,91.63,91.9,91.02,91.27
2/21/2010,91.52,91.75,91.5,91.63
2/19/2010,91.97,92.14,91.5,91.53
2/18/2010,91.09,92.09,90.57,91.98
2/17/2010,90.25,91.39,90.15,91.08
2/16/2010,90.06,90.52,89.72,90.25
2/15/2010,90.06,90.23,89.91,90.06
2/14/2010,90.06,90.11,89.98,90.06
2/12/2010,90.2,90.41,89.62,89.94
2/11/2010,89.92,90.14,89.57,89.71
2/10/2010,89.82,90.06,89.25,89.92
2/9/2010,89.23,89.94,89.22,89.82
2/8/2010,89.27,89.56,89.15,89.23
2/7/2010,89.27,89.44,89.14,89.27
2/5/2010,89.38,89.89,88.83,89.22
2/4/2010,90.89,91.08,88.55,89.38
2/3/2010,90.45,91.28,90.08,90.89
2/2/2010,90.77,90.91,90.27,90.45
2/1/2010,90.25,90.94,90,90.76
1/31/2010,90.23,90.28,90.05,90.25
1/29/2010,89.8,90.93,89.59,90.28
1/28/2010,89.97,90.55,89.63,89.79
1/27/2010,89.64,90.09,89.14,89.97
1/26/2010,90.42,90.56,89.35,89.65
1/25/2010,90,90.47,89.83,90.42
1/24/2010,90.19,90.19,89.89,90
1/22/2010,90.43,90.57,89.8,89.84
1/21/2010,91.2,91.87,89.88,90.45
1/20/2010,91.21,91.46,90.79,91.21
1/19/2010,90.7,91.26,90.32,91.21
1/18/2010,90.85,91.06,90.58,90.72
1/17/2010,90.78,91,90.75,90.85
1/15/2010,91.28,91.33,90.6,90.78
1/14/2010,91.4,92.04,90.85,91.26
1/13/2010,91.11,91.55,90.91,91.39
1/12/2010,92.11,92.43,90.72,91.11
1/11/2010,92.36,92.66,91.82,92.11
1/10/2010,92.61,92.62,92.22,92.36
1/8/2010,93.46,93.67,92.28,92.67
1/7/2010,92.36,93.77,92.11,93.45
1/6/2010,91.56,92.74,91.53,92.38
1/5/2010,92.47,92.52,91.25,91.58
1/4/2010,92.75,93.21,92.19,92.47
1/3/2010,93,93.11,92.69,92.75
1/1/2010,93.03,93.03,93.03,93.03
12/31/2009,92.46,93.15,91.92,93.03
12/30/2009,91.99,92.76,91.98,92.46
12/29/2009,91.7,92.07,91.53,91.99
12/28/2009,91.52,91.77,91.42,91.7
12/27/2009,91.44,91.61,91.42,91.47
12/25/2009,91.59,91.59,91.59,91.59
12/24/2009,91.65,91.78,91.13,91.58
12/23/2009,91.82,91.87,91.32,91.65
12/22/2009,91.08,91.87,91,91.81
12/21/2009,90.45,91.23,90.25,91.08
12/20/2009,90.28,90.67,90.28,90.44
12/18/2009,89.69,90.92,88.89,90.42
12/17/2009,89.89,90.37,89.56,89.67
12/16/2009,89.62,89.98,89.39,89.86
12/15/2009,88.69,89.95,88.61,89.62
12/14/2009,89.27,89.3,88.32,88.69
12/13/2009,88.95,89.33,88.92,89.27
12/11/2009,88.28,89.8,88.28,89.11
12/10/2009,88.09,88.45,87.74,88.27
12/9/2009,88.42,88.67,87.38,88.09
12/8/2009,89.35,89.44,88.19,88.41
12/7/2009,90.08,90.19,89.1,89.32
12/6/2009,90.19,90.38,89.98,90.08
12/4/2009,88.25,90.77,88,90.54
12/3/2009,87.64,88.48,87.59,88.28
12/2/2009,86.66,87.67,86.59,87.64
12/1/2009,86.31,87.53,86.31,86.66
11/30/2009,86.64,86.86,85.87,86.25
11/29/2009,86.95,87.05,86.41,86.64
11/27/2009,85.17,87.01,85.09,86.53
11/26/2009,87.33,87.47,84.86,85.16
11/25/2009,88.61,88.64,87.22,87.34
11/24/2009,88.92,88.96,88.36,88.61
11/23/2009,88.89,89.19,88.57,88.92
11/22/2009,88.83,88.95,88.81,88.89
11/20/2009,88.92,89.13,88.68,88.89
11/19/2009,89.39,89.44,88.64,88.92
11/18/2009,89.27,89.49,89.02,89.41
11/17/2009,89.03,89.53,88.73,89.25
11/16/2009,89.64,89.71,88.76,89.03
11/15/2009,89.58,89.67,89.5,89.64
11/13/2009,90.28,90.41,89.47,89.67
11/12/2009,89.92,90.61,89.65,90.28
11/11/2009,89.64,90.02,89.3,89.94
11/10/2009,89.86,90.18,89.69,89.7
11/9/2009,89.88,90.27,89.74,89.88
11/8/2009,90.02,90.02,89.69,89.89
11/6/2009,90.8,90.8,89.63,89.88
11/5/2009,90.69,90.86,90.01,90.8
11/4/2009,90.42,91.2,90.05,90.7
11/3/2009,90.42,90.57,89.88,90.42
11/2/2009,89.72,90.69,89.72,90.42
11/1/2009,89.69,89.83,89.19,89.72
10/30/2009,91.5,91.53,89.93,90.11
10/29/2009,90.62,91.62,90.25,91.52
10/28/2009,91.67,91.72,90.55,90.61
10/27/2009,92.2,92.33,91.61,91.67
10/26/2009,92.11,92.28,91.58,92.22
10/25/2009,92.16,92.19,92,92.12
10/23/2009,91.42,92.12,91.36,92.06
10/22/2009,90.86,91.71,90.86,91.42
10/21/2009,90.81,91.28,90.49,90.86
10/20/2009,90.73,91.07,90.08,90.81
10/19/2009,90.92,91.06,90.37,90.75
10/18/2009,91.06,91.14,90.89,90.92
10/16/2009,90.81,91.32,90.58,90.92
10/15/2009,89.42,90.98,89.31,90.81
10/14/2009,89.86,89.91,88.84,89.42
10/13/2009,89.72,90.19,89.44,89.84
10/12/2009,89.94,90.46,89.62,89.72
10/11/2009,89.55,89.95,89.53,89.95
10/9/2009,88.75,89.88,88.65,89.78
10/8/2009,88.55,88.78,88.16,88.75
10/7/2009,88.86,89.39,88.01,88.55
10/6/2009,89.64,89.64,88.63,88.83
10/5/2009,89.75,89.98,89.41,89.66
10/4/2009,89.34,89.73,89.34,89.69
10/2/2009,89.53,89.93,88.6,89.8
10/1/2009,89.92,90.17,89.47,89.55
9/30/2009,90.23,90.41,89.36,89.89
9/29/2009,89.91,90.37,89.64,90.25
9/28/2009,88.73,89.91,88.71,89.91
9/27/2009,89.56,89.66,88.25,88.7
9/25/2009,90.85,91.02,89.52,89.61
9/24/2009,91.33,91.59,90.37,90.84
9/23/2009,90.72,91.64,90.67,91.33
9/22/2009,91.97,92.03,90.5,90.75
9/21/2009,91.36,92.54,91.36,92.05
9/20/2009,91.33,91.48,91.31,91.38
9/18/2009,91.22,91.54,91.03,91.31
9/17/2009,91.05,91.62,90.52,91.22
9/16/2009,90.91,91.36,90.13,91.05
9/15/2009,90.86,91.64,90.83,90.92
9/14/2009,90.42,91.13,90.31,90.88
9/13/2009,90.3,90.44,90.22,90.41
9/11/2009,91.72,91.72,90.22,90.72
9/10/2009,92.16,92.25,91.43,91.72
9/9/2009,92.33,92.6,91.61,92.16
9/8/2009,92.94,93,92.04,92.33
9/7/2009,93.16,93.3,92.82,92.94
9/6/2009,92.97,93.19,92.92,93.17
9/4/2009,92.7,93.25,92.28,93
9/3/2009,92.23,92.78,91.94,92.69
9/2/2009,92.72,93.06,92.08,92.25
9/1/2009,92.89,93.44,92.52,92.7
8/31/2009,93.39,93.45,92.55,92.89
8/30/2009,93.31,93.56,93.22,93.39
8/28/2009,93.66,94.08,93.42,93.61
8/27/2009,94.11,94.16,93.22,93.66
8/26/2009,93.94,94.59,93.91,94.09
8/25/2009,94.41,94.64,93.8,93.92
8/24/2009,94.58,95.06,94.36,94.39
8/23/2009,94.38,94.7,94.3,94.58
8/21/2009,94.27,94.72,93.42,94.39
8/20/2009,94.11,94.56,93.86,94.25
8/19/2009,94.88,94.89,93.68,94.11
8/18/2009,94.47,95.29,94.47,94.89
8/17/2009,94.73,94.75,94.21,94.47
8/16/2009,94.72,94.88,94.64,94.72
8/14/2009,95.3,95.47,94.43,94.94
8/13/2009,96.19,96.48,95.05,95.28
8/12/2009,95.97,96.75,95.12,96.19
8/11/2009,97.01,97.05,95.77,95.94
8/10/2009,97.33,97.49,96.86,97.01
8/9/2009,97.65,97.74,97.31,97.34
8/7/2009,95.48,97.78,95.05,97.56
8/6/2009,94.81,95.79,94.81,95.48
8/5/2009,95.31,95.37,94.62,94.79
8/4/2009,95.17,95.46,94.36,95.3
8/3/2009,94.64,95.42,94.58,95.2
8/2/2009,94.76,94.82,94.62,94.65
7/31/2009,95.56,95.84,94.5,94.66
7/30/2009,95.1,95.88,94.82,95.56
7/29/2009,94.43,95.35,94.01,95.09
7/28/2009,95.12,95.17,94.03,94.43
7/27/2009,94.71,95.37,94.67,95.17
7/26/2009,94.84,94.88,94.67,94.72
7/24/2009,94.96,95.01,94.59,94.84
7/23/2009,93.6,95.29,93.58,94.96
7/22/2009,93.55,93.86,93.09,93.58
7/21/2009,94.14,94.38,93.28,93.55
7/20/2009,94.36,94.78,93.95,94.16
7/19/2009,94.25,94.38,94.17,94.35
7/17/2009,93.7,94.37,93.47,94.21
7/16/2009,94.17,94.43,93.26,93.71
7/15/2009,93.63,94.46,93.26,94.18
7/14/2009,93.1,93.76,92.71,93.64
7/13/2009,92.46,93.16,91.74,93.09
7/12/2009,92.36,92.51,92.35,92.44
7/10/2009,93.16,93.17,91.78,92.54
7/9/2009,92.73,93.59,92.51,93.16
7/8/2009,94.61,94.72,91.81,92.71
7/7/2009,95.22,95.46,94.59,94.62
7/6/2009,95.86,95.87,94.66,95.22
7/5/2009,96.08,96.13,95.83,95.87
7/3/2009,95.82,96.12,95.69,96.02
7/2/2009,96.52,96.87,95.69,95.82
7/1/2009,96.23,96.98,96.17,96.51
12/31/2008,90.31,90.95,90.15,90.95
12/30/2008,90.68,91,90.03,90.32
12/29/2008,90.66,90.77,89.79,90.68
12/28/2008,90.74,90.75,90.58,90.66
12/26/2008,90.46,90.82,90.39,90.82
12/24/2008,90.9,90.93,90.27,90.27
12/23/2008,90.18,91.02,89.91,90.9
12/22/2008,89.55,90.49,89.54,90.19
12/21/2008,89.38,89.59,89.12,89.54
12/19/2008,89.55,89.86,88.45,88.45
12/18/2008,87.3,90.04,87.27,89.56
12/17/2008,88.71,89.23,87.15,87.3
12/16/2008,90.55,90.64,88.66,88.7
12/15/2008,90.72,91,90.26,90.55
12/12/2008,91.55,91.87,89.44,89.44
12/11/2008,92.83,92.85,91.18,91.54
12/10/2008,92.31,93.02,92.27,92.83
12/9/2008,92.99,93.04,91.93,92.32
12/8/2008,92.86,93.52,92.58,92.98
12/7/2008,92.86,92.86,92.86,92.86
12/5/2008,92.45,93.37,91.57,92.86
12/4/2008,93.15,93.4,92.06,92.45
12/3/2008,93.15,93.62,92.54,93.15
12/2/2008,93.2,93.81,92.62,93.16
12/1/2008,94.39,94.42,92.86,93.19
11/28/2008,95.42,95.7,95.14,95.7
11/27/2008,95.62,95.7,94.99,95.43
11/26/2008,95.45,95.93,94.72,95.63
11/25/2008,96.87,96.93,94.94,95.45
11/24/2008,95.48,97.41,95.09,96.86
11/23/2008,95.89,95.89,95.89,95.89
11/21/2008,94.05,95.96,93.83,95.89
11/20/2008,96.02,96.19,93.55,94.05
11/19/2008,96.76,97.07,95.56,95.98
11/18/2008,96.39,97.4,96.01,96.76
11/17/2008,96.22,97.53,96.03,96.39
11/16/2008,96.58,96.6,95.93,96.22
11/14/2008,97.6,97.73,96.16,97.73
11/13/2008,94.8,98.26,94.79,97.6
11/12/2008,97.29,98.06,94.47,94.79
11/11/2008,97.97,98.29,97.17,97.29
11/10/2008,99.03,99.45,97.59,97.97
11/9/2008,98.22,99.19,98.22,99.03
11/7/2008,97.29,98.66,96.75,98.66
11/6/2008,98.21,98.65,97.22,97.31
11/5/2008,99.77,99.85,97.76,98.19
11/4/2008,98.99,100.54,98.37,99.77
11/3/2008,98.53,99.64,98.31,98.99
11/2/2008,98.45,98.6,98.2,98.53
10/31/2008,98.77,99.1,96.34,99.1
10/30/2008,97.55,99.1,97.38,98.76
10/29/2008,98.2,98.26,96.08,97.55
10/28/2008,93.2,99.68,92.63,98.19
10/27/2008,93.54,94.47,92.05,93.2
10/26/2008,93.26,93.53,93.2,93.52
10/24/2008,97.6,97.6,90.9,94.28
10/23/2008,97.75,98.3,95.93,97.6
10/22/2008,100.2,100.42,97.22,97.74
10/21/2008,102.11,102.14,100.05,100.2
10/20/2008,101.46,102.4,101.37,102.11
10/19/2008,101.6,101.72,101.4,101.45
10/17/2008,101.42,101.81,100.6,101.6
10/16/2008,99.48,101.73,99.45,101.41
10/15/2008,101.56,101.91,99.25,99.48
10/14/2008,102.52,103.05,101.41,101.55
10/13/2008,100.69,102.67,99.55,102.53
10/12/2008,100.44,101.17,100.38,100.69
10/10/2008,98.89,100.7,97.9,100.44
10/9/2008,99.85,101.47,98.5,98.9
10/8/2008,101.23,101.58,98.58,99.82
10/7/2008,101.6,103.27,101.07,101.25
10/6/2008,104.62,104.65,100.28,101.58
10/5/2008,105.34,105.34,104.42,104.62
10/3/2008,104.95,106.13,104.53,105.34
10/2/2008,106.05,106.28,104.93,104.95
10/1/2008,106.08,106.52,105.32,106.06
9/30/2008,104.28,106.48,103.53,106.09
9/29/2008,106.31,106.95,103.55,104.26
9/28/2008,106.1,106.41,106.1,106.32
9/26/2008,106.08,106.18,105.02,106.1
9/25/2008,106.08,107,105.47,106.07
9/24/2008,105.58,106.33,105.34,106.08
9/23/2008,105.48,106.05,105.17,105.59
9/22/2008,106.68,106.91,105.15,105.48
9/21/2008,107.44,107.44,106.39,106.68
9/19/2008,105.91,108,105.87,107.44
9/18/2008,104.34,105.95,103.99,105.91
9/17/2008,106.11,106.69,104.13,104.34
9/16/2008,104.21,106.36,103.52,106.09
9/15/2008,106.33,106.67,104.13,104.21
9/14/2008,107.94,107.94,105.5,106.32
9/12/2008,107.12,107.97,106.71,107.94
9/11/2008,107.39,107.56,106.06,107.14
9/10/2008,107.68,107.84,107.31,107.39
